time,temp
2022-09-01 00:00:00,21.558000000000003
2022-09-01 01:00:00,18.861000000000004
2022-09-01 02:00:00,17.123999999999995
2022-09-01 03:00:00,17.633000000000003
2022-09-01 04:00:00,16.645000000000003
2022-09-01 05:00:00,16.470000000000006
2022-09-01 06:00:00,16.345000000000006
2022-09-01 07:00:00,15.254000000000005
2022-09-01 08:00:00,15.187999999999997
2022-09-01 09:00:00,15.394999999999996
2022-09-01 10:00:00,14.925999999999998
2022-09-01 11:00:00,14.75900000000001
2022-09-01 12:00:00,16.68499999999999
2022-09-01 13:00:00,19.662000000000006
2022-09-01 14:00:00,21.508999999999986
2022-09-01 15:00:00,24.586999999999993
2022-09-01 16:00:00,25.15299999999999
2022-09-01 17:00:00,25.858000000000008
2022-09-01 18:00:00,26.44699999999999
2022-09-01 19:00:00,26.176999999999992
2022-09-01 20:00:00,26.530999999999995
2022-09-01 21:00:00,27.035999999999994
2022-09-01 22:00:00,25.754999999999992
2022-09-01 23:00:00,25.096
2022-09-02 00:00:00,22.840999999999994
2022-09-02 01:00:00,20.209999999999994
2022-09-02 02:00:00,18.142999999999997
2022-09-02 03:00:00,17.666999999999987
2022-09-02 04:00:00,16.599999999999998
2022-09-02 05:00:00,16.604
2022-09-02 06:00:00,15.559999999999995
2022-09-02 07:00:00,15.811000000000005
2022-09-02 08:00:00,15.049999999999997
2022-09-02 09:00:00,13.698999999999995
2022-09-02 10:00:00,13.458999999999996
2022-09-02 11:00:00,13.472000000000001
2022-09-02 12:00:00,16.694000000000003
2022-09-02 13:00:00,20.445999999999994
2022-09-02 14:00:00,22.322999999999997
2022-09-02 15:00:00,25.20799999999998
2022-09-02 16:00:00,25.30599999999999
2022-09-02 17:00:00,27.214999999999986
2022-09-02 18:00:00,27.372000000000007
2022-09-02 19:00:00,28.125
2022-09-02 20:00:00,28.206000000000017
2022-09-02 21:00:00,28.44800000000002
2022-09-02 22:00:00,27.92600000000001
2022-09-02 23:00:00,26.385999999999996
2022-09-03 00:00:00,23.551999999999985
2022-09-03 01:00:00,21.416999999999998
2022-09-03 02:00:00,20.478999999999992
2022-09-03 03:00:00,20.515
2022-09-03 04:00:00,19.891000000000005
2022-09-03 05:00:00,19.809000000000005
2022-09-03 06:00:00,18.86499999999999
2022-09-03 07:00:00,18.9
2022-09-03 08:00:00,18.015
2022-09-03 09:00:00,18.03099999999999
2022-09-03 10:00:00,18.002000000000002
2022-09-03 11:00:00,17.915999999999993
2022-09-03 12:00:00,19.252000000000002
2022-09-03 13:00:00,21.534000000000002
2022-09-03 14:00:00,23.876000000000012
2022-09-03 15:00:00,24.956999999999983
2022-09-03 16:00:00,26.625000000000014
2022-09-03 17:00:00,27.77900000000001
2022-09-03 18:00:00,28.270000000000024
2022-09-03 19:00:00,28.311000000000007
2022-09-03 20:00:00,28.241
2022-09-03 21:00:00,28.343000000000007
2022-09-03 22:00:00,27.30800000000001
2022-09-03 23:00:00,26.673000000000002
2022-09-04 00:00:00,25.077999999999992
2022-09-04 01:00:00,23.801
2022-09-04 02:00:00,22.190999999999995
2022-09-04 03:00:00,21.999000000000002
2022-09-04 04:00:00,21.40000000000001
2022-09-04 05:00:00,20.555999999999997
2022-09-04 06:00:00,20.315000000000005
2022-09-04 07:00:00,18.728000000000005
2022-09-04 08:00:00,18.524000000000004
2022-09-04 09:00:00,17.897000000000002
2022-09-04 10:00:00,16.81600000000001
2022-09-04 11:00:00,16.816999999999997
2022-09-04 12:00:00,17.410000000000004
2022-09-04 13:00:00,18.523
2022-09-04 14:00:00,21.465999999999998
2022-09-04 15:00:00,22.13300000000001
2022-09-04 16:00:00,23.585000000000015
2022-09-04 17:00:00,24.689
2022-09-04 18:00:00,24.832000000000004
2022-09-04 19:00:00,25.167999999999992
2022-09-04 20:00:00,25.266
2022-09-04 21:00:00,24.853999999999996
2022-09-04 22:00:00,24.02500000000001
2022-09-04 23:00:00,22.891
2022-09-05 00:00:00,21.139
2022-09-05 01:00:00,19.771
2022-09-05 02:00:00,18.645999999999997
2022-09-05 03:00:00,17.45000000000001
2022-09-05 04:00:00,17.095000000000006
2022-09-05 05:00:00,16.70500000000001
2022-09-05 06:00:00,16.671000000000003
2022-09-05 07:00:00,15.992000000000004
2022-09-05 08:00:00,16.236000000000004
2022-09-05 09:00:00,15.437000000000001
2022-09-05 10:00:00,14.907000000000004
2022-09-05 11:00:00,15.698000000000013
2022-09-05 12:00:00,15.700000000000006
2022-09-05 13:00:00,16.680999999999997
2022-09-05 14:00:00,18.025000000000002
2022-09-05 15:00:00,18.473000000000003
2022-09-05 16:00:00,19.288999999999987
2022-09-05 17:00:00,20.289
2022-09-05 18:00:00,20.943
2022-09-05 19:00:00,21.423
2022-09-05 20:00:00,20.998
2022-09-05 21:00:00,20.767999999999994
2022-09-05 22:00:00,20.924000000000007
2022-09-05 23:00:00,20.34500000000001
2022-09-06 00:00:00,19.191000000000003
2022-09-06 01:00:00,17.154000000000007
2022-09-06 02:00:00,16.621999999999993
2022-09-06 03:00:00,16.061999999999998
2022-09-06 04:00:00,15.593
2022-09-06 05:00:00,16.143000000000004
2022-09-06 06:00:00,15.837999999999997
2022-09-06 07:00:00,15.090000000000005
2022-09-06 08:00:00,15.142000000000001
2022-09-06 09:00:00,15.895000000000003
2022-09-06 10:00:00,15.68200000000001
2022-09-06 11:00:00,15.546999999999995
2022-09-06 12:00:00,16.688000000000006
2022-09-06 13:00:00,16.241999999999997
2022-09-06 14:00:00,18.383
2022-09-06 15:00:00,19.154
2022-09-06 16:00:00,20.585000000000004
2022-09-06 17:00:00,21.80500000000001
2022-09-06 18:00:00,22.130999999999993
2022-09-06 19:00:00,22.512000000000004
2022-09-06 20:00:00,22.877000000000006
2022-09-06 21:00:00,22.434
2022-09-06 22:00:00,22.591000000000005
2022-09-06 23:00:00,21.625000000000014
2022-09-07 00:00:00,20.723
2022-09-07 01:00:00,17.348
2022-09-07 02:00:00,16.90099999999999
2022-09-07 03:00:00,16.703000000000003
2022-09-07 04:00:00,16.366000000000003
2022-09-07 05:00:00,15.245000000000003
2022-09-07 06:00:00,14.944999999999995
2022-09-07 07:00:00,14.845999999999998
2022-09-07 08:00:00,14.838
2022-09-07 09:00:00,15.640999999999998
2022-09-07 10:00:00,15.763
2022-09-07 11:00:00,15.915999999999997
2022-09-07 12:00:00,16.508000000000006
2022-09-07 13:00:00,17.869999999999994
2022-09-07 14:00:00,19.977999999999998
2022-09-07 15:00:00,21.444000000000003
2022-09-07 16:00:00,23.308000000000007
2022-09-07 17:00:00,23.525000000000013
2022-09-07 18:00:00,24.567999999999994
2022-09-07 19:00:00,24.968999999999987
2022-09-07 20:00:00,25.32099999999998
2022-09-07 21:00:00,25.203000000000003
2022-09-07 22:00:00,24.60600000000001
2022-09-07 23:00:00,23.557999999999993
2022-09-08 00:00:00,21.370000000000015
2022-09-08 01:00:00,18.856999999999992
2022-09-08 02:00:00,16.546000000000006
2022-09-08 03:00:00,15.894999999999992
2022-09-08 04:00:00,14.649000000000003
2022-09-08 05:00:00,15.538000000000011
2022-09-08 06:00:00,14.468000000000002
2022-09-08 07:00:00,15.079000000000002
2022-09-08 08:00:00,14.106000000000005
2022-09-08 09:00:00,14.002000000000004
2022-09-08 10:00:00,13.617000000000004
2022-09-08 11:00:00,13.316000000000004
2022-09-08 12:00:00,13.864000000000006
2022-09-08 13:00:00,18.986999999999995
2022-09-08 14:00:00,20.276999999999997
2022-09-08 15:00:00,22.696000000000005
2022-09-08 16:00:00,23.99600000000001
2022-09-08 17:00:00,25.297999999999984
2022-09-08 18:00:00,25.505
2022-09-08 19:00:00,26.159999999999997
2022-09-08 20:00:00,26.057999999999996
2022-09-08 21:00:00,26.158999999999995
2022-09-08 22:00:00,26.105999999999995
2022-09-08 23:00:00,24.771999999999988
2022-09-09 00:00:00,23.127999999999997
2022-09-09 01:00:00,17.819000000000003
2022-09-09 02:00:00,17.21
2022-09-09 03:00:00,15.710999999999995
2022-09-09 04:00:00,14.127000000000002
2022-09-09 05:00:00,13.264000000000005
2022-09-09 06:00:00,12.556000000000006
2022-09-09 07:00:00,12.299000000000001
2022-09-09 08:00:00,12.127000000000008
2022-09-09 09:00:00,11.983999999999996
2022-09-09 10:00:00,11.340999999999994
2022-09-09 11:00:00,12.085
2022-09-09 12:00:00,12.827000000000005
2022-09-09 13:00:00,18.59499999999999
2022-09-09 14:00:00,20.721999999999984
2022-09-09 15:00:00,23.71399999999999
2022-09-09 16:00:00,24.829999999999995
2022-09-09 17:00:00,26.065999999999978
2022-09-09 18:00:00,26.769000000000016
2022-09-09 19:00:00,27.24300000000001
2022-09-09 20:00:00,27.567000000000007
2022-09-09 21:00:00,27.319000000000013
2022-09-09 22:00:00,27.25599999999999
2022-09-09 23:00:00,24.765
2022-09-10 00:00:00,22.953000000000003
2022-09-10 01:00:00,20.17
2022-09-10 02:00:00,17.582999999999995
2022-09-10 03:00:00,16.22
2022-09-10 04:00:00,15.861999999999997
2022-09-10 05:00:00,15.053999999999997
2022-09-10 06:00:00,14.788000000000004
2022-09-10 07:00:00,15.308999999999996
2022-09-10 08:00:00,13.679000000000004
2022-09-10 09:00:00,12.916000000000004
2022-09-10 10:00:00,12.151999999999997
2022-09-10 11:00:00,12.770999999999999
2022-09-10 12:00:00,13.474999999999998
2022-09-10 13:00:00,19.213999999999995
2022-09-10 14:00:00,21.195000000000007
2022-09-10 15:00:00,22.835
2022-09-10 16:00:00,23.464999999999996
2022-09-10 17:00:00,24.999999999999996
2022-09-10 18:00:00,26.017
2022-09-10 19:00:00,25.723000000000003
2022-09-10 20:00:00,24.962
2022-09-10 21:00:00,25.096000000000007
2022-09-10 22:00:00,23.964999999999996
2022-09-10 23:00:00,23.192000000000007
2022-09-11 00:00:00,21.855999999999998
2022-09-11 01:00:00,19.336
2022-09-11 02:00:00,18.519000000000002
2022-09-11 03:00:00,17.886000000000003
2022-09-11 04:00:00,15.832
2022-09-11 05:00:00,16.084999999999997
2022-09-11 06:00:00,15.482999999999997
2022-09-11 07:00:00,15.458
2022-09-11 08:00:00,14.834999999999994
2022-09-11 09:00:00,14.816000000000004
2022-09-11 10:00:00,13.882999999999992
2022-09-11 11:00:00,14.258999999999999
2022-09-11 12:00:00,14.989999999999993
2022-09-11 13:00:00,16.220999999999997
2022-09-11 14:00:00,19.215999999999998
2022-09-11 15:00:00,19.573999999999998
2022-09-11 16:00:00,21.050000000000008
2022-09-11 17:00:00,21.348000000000006
2022-09-11 18:00:00,22.348000000000003
2022-09-11 19:00:00,23.528000000000006
2022-09-11 20:00:00,22.573000000000008
2022-09-11 21:00:00,23.350999999999996
2022-09-11 22:00:00,21.877000000000002
2022-09-11 23:00:00,20.879999999999995
2022-09-12 00:00:00,18.276000000000003
2022-09-12 01:00:00,16.80099999999999
2022-09-12 02:00:00,16.862999999999996
2022-09-12 03:00:00,15.634000000000006
2022-09-12 04:00:00,15.255000000000003
2022-09-12 05:00:00,15.126
2022-09-12 06:00:00,14.183999999999996
2022-09-12 07:00:00,14.654000000000007
2022-09-12 08:00:00,13.655000000000003
2022-09-12 09:00:00,13.695000000000002
2022-09-12 10:00:00,14.392000000000003
2022-09-12 11:00:00,13.476000000000004
2022-09-12 12:00:00,14.102
2022-09-12 13:00:00,14.711000000000004
2022-09-12 14:00:00,15.462000000000003
2022-09-12 15:00:00,17.11200000000001
2022-09-12 16:00:00,17.634
2022-09-12 17:00:00,18.253999999999994
2022-09-12 18:00:00,18.87
2022-09-12 19:00:00,19.245
2022-09-12 20:00:00,19.714000000000002
2022-09-12 21:00:00,19.189
2022-09-12 22:00:00,18.825000000000003
2022-09-12 23:00:00,18.883000000000003
2022-09-13 00:00:00,16.667
2022-09-13 01:00:00,15.179
2022-09-13 02:00:00,15.043000000000006
2022-09-13 03:00:00,14.640000000000002
2022-09-13 04:00:00,13.686000000000003
2022-09-13 05:00:00,13.434000000000005
2022-09-13 06:00:00,13.325999999999999
2022-09-13 07:00:00,12.395999999999999
2022-09-13 08:00:00,12.559000000000008
2022-09-13 09:00:00,12.163999999999998
2022-09-13 10:00:00,11.290000000000004
2022-09-13 11:00:00,11.767000000000005
2022-09-13 12:00:00,12.296000000000001
2022-09-13 13:00:00,12.912000000000003
2022-09-13 14:00:00,15.557000000000002
2022-09-13 15:00:00,16.424999999999997
2022-09-13 16:00:00,17.195
2022-09-13 17:00:00,18.45200000000001
2022-09-13 18:00:00,19.185000000000006
2022-09-13 19:00:00,19.154
2022-09-13 20:00:00,19.667
2022-09-13 21:00:00,19.577
2022-09-13 22:00:00,20.142999999999986
2022-09-13 23:00:00,19.045
2022-09-14 00:00:00,17.889
2022-09-14 01:00:00,15.713000000000006
2022-09-14 02:00:00,13.728000000000002
2022-09-14 03:00:00,12.498
2022-09-14 04:00:00,12.391999999999996
2022-09-14 05:00:00,12.563999999999998
2022-09-14 06:00:00,11.618000000000004
2022-09-14 07:00:00,11.255000000000003
2022-09-14 08:00:00,11.362
2022-09-14 09:00:00,10.559
2022-09-14 10:00:00,10.85
2022-09-14 11:00:00,10.507000000000003
2022-09-14 12:00:00,10.752000000000002
2022-09-14 13:00:00,12.552
2022-09-14 14:00:00,16.488000000000003
2022-09-14 15:00:00,19.497999999999994
2022-09-14 16:00:00,21.170000000000005
2022-09-14 17:00:00,22.26100000000001
2022-09-14 18:00:00,22.58
2022-09-14 19:00:00,23.257999999999992
2022-09-14 20:00:00,23.884999999999994
2022-09-14 21:00:00,23.773999999999983
2022-09-14 22:00:00,23.587999999999997
2022-09-14 23:00:00,21.308000000000007
2022-09-15 00:00:00,19.354999999999993
2022-09-15 01:00:00,17.383000000000003
2022-09-15 02:00:00,15.991999999999992
2022-09-15 03:00:00,15.517000000000003
2022-09-15 04:00:00,14.03
2022-09-15 05:00:00,13.616000000000003
2022-09-15 06:00:00,13.241999999999997
2022-09-15 07:00:00,13.482000000000003
2022-09-15 08:00:00,12.507999999999997
2022-09-15 09:00:00,12.289000000000005
2022-09-15 10:00:00,11.495000000000003
2022-09-15 11:00:00,12.018000000000004
2022-09-15 12:00:00,12.564
2022-09-15 13:00:00,15.910999999999996
2022-09-15 14:00:00,19.282
2022-09-15 15:00:00,20.217999999999996
2022-09-15 16:00:00,21.316999999999997
2022-09-15 17:00:00,22.576000000000004
2022-09-15 18:00:00,23.507999999999996
2022-09-15 19:00:00,23.846999999999998
2022-09-15 20:00:00,24.476999999999993
2022-09-15 21:00:00,24.02299999999999
2022-09-15 22:00:00,22.490000000000013
2022-09-15 23:00:00,20.779999999999994
2022-09-16 00:00:00,18.434000000000005
2022-09-16 01:00:00,16.647000000000002
2022-09-16 02:00:00,15.418000000000001
2022-09-16 03:00:00,14.976000000000004
2022-09-16 04:00:00,15.289000000000001
2022-09-16 05:00:00,14.398
2022-09-16 06:00:00,12.822000000000001
2022-09-16 07:00:00,12.461000000000002
2022-09-16 08:00:00,12.273000000000001
2022-09-16 09:00:00,11.765000000000002
2022-09-16 10:00:00,11.739
2022-09-16 11:00:00,12.823000000000002
2022-09-16 12:00:00,13.504000000000003
2022-09-16 13:00:00,16.54500000000001
2022-09-16 14:00:00,18.035999999999998
2022-09-16 15:00:00,20.966999999999995
2022-09-16 16:00:00,21.968999999999998
2022-09-16 17:00:00,23.321000000000005
2022-09-16 18:00:00,24.432
2022-09-16 19:00:00,25.095000000000006
2022-09-16 20:00:00,24.94699999999999
2022-09-16 21:00:00,24.927999999999997
2022-09-16 22:00:00,24.26
2022-09-16 23:00:00,22.27000000000001
2022-09-17 00:00:00,20.12900000000001
2022-09-17 01:00:00,18.081
2022-09-17 02:00:00,16.657999999999994
2022-09-17 03:00:00,16.924000000000003
2022-09-17 04:00:00,16.931999999999995
2022-09-17 05:00:00,16.519000000000002
2022-09-17 06:00:00,16.307000000000006
2022-09-17 07:00:00,15.658999999999997
2022-09-17 08:00:00,14.952
2022-09-17 09:00:00,14.715000000000002
2022-09-17 10:00:00,14.681
2022-09-17 11:00:00,13.948999999999998
2022-09-17 12:00:00,15.764000000000001
2022-09-17 13:00:00,19.08
2022-09-17 14:00:00,22.007999999999996
2022-09-17 15:00:00,23.539999999999992
2022-09-17 16:00:00,25.436999999999998
2022-09-17 17:00:00,25.943999999999996
2022-09-17 18:00:00,26.377999999999997
2022-09-17 19:00:00,26.469000000000015
2022-09-17 20:00:00,26.67200000000001
2022-09-17 21:00:00,26.084
2022-09-17 22:00:00,25.668999999999986
2022-09-17 23:00:00,22.583999999999996
2022-09-18 00:00:00,20.968000000000004
2022-09-18 01:00:00,19.419999999999995
2022-09-18 02:00:00,18.82100000000001
2022-09-18 03:00:00,17.667999999999992
2022-09-18 04:00:00,17.052000000000003
2022-09-18 05:00:00,17.073
2022-09-18 06:00:00,16.932999999999996
2022-09-18 07:00:00,17.055999999999997
2022-09-18 08:00:00,16.851999999999993
2022-09-18 09:00:00,16.771000000000008
2022-09-18 10:00:00,17.20499999999999
2022-09-18 11:00:00,16.566
2022-09-18 12:00:00,17.334
2022-09-18 13:00:00,20.364
2022-09-18 14:00:00,23.140999999999995
2022-09-18 15:00:00,24.73999999999999
2022-09-18 16:00:00,25.59500000000001
2022-09-18 17:00:00,26.651000000000003
2022-09-18 18:00:00,26.442999999999994
2022-09-18 19:00:00,26.727000000000018
2022-09-18 20:00:00,26.17500000000002
2022-09-18 21:00:00,26.256000000000014
2022-09-18 22:00:00,25.653
2022-09-18 23:00:00,24.204000000000004
2022-09-19 00:00:00,22.78600000000001
2022-09-19 01:00:00,22.101
2022-09-19 02:00:00,22.39399999999999
2022-09-19 03:00:00,20.891000000000005
2022-09-19 04:00:00,20.42
2022-09-19 05:00:00,20.726
2022-09-19 06:00:00,20.27900000000001
2022-09-19 07:00:00,20.787000000000003
2022-09-19 08:00:00,19.773000000000007
2022-09-19 09:00:00,20.086999999999993
2022-09-19 10:00:00,20.18200000000001
2022-09-19 11:00:00,19.50399999999999
2022-09-19 12:00:00,20.166999999999994
2022-09-19 13:00:00,20.76099999999999
2022-09-19 14:00:00,22.512000000000015
2022-09-19 15:00:00,23.248999999999988
2022-09-19 16:00:00,24.442000000000004
2022-09-19 17:00:00,26.035000000000018
2022-09-19 18:00:00,26.24300000000002
2022-09-19 19:00:00,26.548000000000016
2022-09-19 20:00:00,26.59000000000001
2022-09-19 21:00:00,26.413
2022-09-19 22:00:00,25.587
2022-09-19 23:00:00,23.791999999999998
2022-09-20 00:00:00,22.065
2022-09-20 01:00:00,21.013
2022-09-20 02:00:00,20.322
2022-09-20 03:00:00,19.727999999999998
2022-09-20 04:00:00,19.252000000000006
2022-09-20 05:00:00,17.314000000000004
2022-09-20 06:00:00,17.055999999999994
2022-09-20 07:00:00,16.736
2022-09-20 08:00:00,15.720999999999998
2022-09-20 09:00:00,15.343
2022-09-20 10:00:00,14.502000000000002
2022-09-20 11:00:00,15.111999999999998
2022-09-20 12:00:00,14.756000000000004
2022-09-20 13:00:00,17.770000000000003
2022-09-20 14:00:00,20.05600000000001
2022-09-20 15:00:00,22.775000000000006
2022-09-20 16:00:00,24.414999999999996
2022-09-20 17:00:00,25.452999999999992
2022-09-20 18:00:00,25.401
2022-09-20 19:00:00,25.75199999999999
2022-09-20 20:00:00,25.048999999999992
2022-09-20 21:00:00,25.08099999999999
2022-09-20 22:00:00,25.022000000000006
2022-09-20 23:00:00,21.911000000000012
2022-09-21 00:00:00,19.680999999999994
2022-09-21 01:00:00,18.273000000000003
2022-09-21 02:00:00,16.762999999999998
2022-09-21 03:00:00,15.742000000000003
2022-09-21 04:00:00,14.459999999999997
2022-09-21 05:00:00,15.183000000000003
2022-09-21 06:00:00,15.422
2022-09-21 07:00:00,15.418000000000001
2022-09-21 08:00:00,15.793
2022-09-21 09:00:00,16.301
2022-09-21 10:00:00,16.511999999999997
2022-09-21 11:00:00,15.75099999999999
2022-09-21 12:00:00,16.967
2022-09-21 13:00:00,19.465000000000003
2022-09-21 14:00:00,21.678
2022-09-21 15:00:00,23.622999999999998
2022-09-21 16:00:00,26.029000000000014
2022-09-21 17:00:00,26.294
2022-09-21 18:00:00,26.382
2022-09-21 19:00:00,26.479000000000006
2022-09-21 20:00:00,26.89700000000002
2022-09-21 21:00:00,26.744
2022-09-21 22:00:00,25.712000000000007
2022-09-21 23:00:00,23.36499999999999
2022-09-22 00:00:00,21.471
2022-09-22 01:00:00,20.948000000000008
2022-09-22 02:00:00,20.838000000000008
2022-09-22 03:00:00,19.848000000000006
2022-09-22 04:00:00,20.337999999999994
2022-09-22 05:00:00,19.593999999999998
2022-09-22 06:00:00,19.34000000000001
2022-09-22 07:00:00,18.719
2022-09-22 08:00:00,18.643999999999995
2022-09-22 09:00:00,17.081000000000003
2022-09-22 10:00:00,15.884999999999996
2022-09-22 11:00:00,16.302999999999997
2022-09-22 12:00:00,17.52200000000001
2022-09-22 13:00:00,17.22300000000001
2022-09-22 14:00:00,19.045000000000005
2022-09-22 15:00:00,19.532000000000004
2022-09-22 16:00:00,20.644000000000002
2022-09-22 17:00:00,21.320999999999998
2022-09-22 18:00:00,21.268999999999995
2022-09-22 19:00:00,21.283999999999992
2022-09-22 20:00:00,20.992000000000004
2022-09-22 21:00:00,20.04400000000001
2022-09-22 22:00:00,18.383000000000003
2022-09-22 23:00:00,17.23800000000001
2022-09-23 00:00:00,15.216
2022-09-23 01:00:00,14.404999999999998
2022-09-23 02:00:00,12.673999999999994
2022-09-23 03:00:00,11.658999999999999
2022-09-23 04:00:00,11.713999999999999
2022-09-23 05:00:00,11.113
2022-09-23 06:00:00,9.917999999999997
2022-09-23 07:00:00,9.900999999999998
2022-09-23 08:00:00,10.330999999999996
2022-09-23 09:00:00,9.926
2022-09-23 10:00:00,10.044000000000002
2022-09-23 11:00:00,10.092999999999998
2022-09-23 12:00:00,10.613999999999997
2022-09-23 13:00:00,11.281999999999996
2022-09-23 14:00:00,12.491999999999994
2022-09-23 15:00:00,13.639
2022-09-23 16:00:00,14.846000000000002
2022-09-23 17:00:00,14.854000000000006
2022-09-23 18:00:00,15.156000000000008
2022-09-23 19:00:00,16.041
2022-09-23 20:00:00,16.308999999999997
2022-09-23 21:00:00,15.186000000000003
2022-09-23 22:00:00,14.521
2022-09-23 23:00:00,12.679999999999996
2022-09-24 00:00:00,10.345
2022-09-24 01:00:00,9.279999999999996
2022-09-24 02:00:00,8.083
2022-09-24 03:00:00,8.573
2022-09-24 04:00:00,8.04
2022-09-24 05:00:00,7.543999999999999
2022-09-24 06:00:00,7.974000000000001
2022-09-24 07:00:00,7.192999999999997
2022-09-24 08:00:00,7.1279999999999974
2022-09-24 09:00:00,7.116000000000003
2022-09-24 10:00:00,8.176
2022-09-24 11:00:00,8.208
2022-09-24 12:00:00,10.290999999999997
2022-09-24 13:00:00,12.062999999999997
2022-09-24 14:00:00,12.538999999999998
2022-09-24 15:00:00,14.621000000000002
2022-09-24 16:00:00,15.979999999999997
2022-09-24 17:00:00,16.409999999999997
2022-09-24 18:00:00,17.408000000000005
2022-09-24 19:00:00,16.489000000000004
2022-09-24 20:00:00,16.978000000000012
2022-09-24 21:00:00,15.496000000000002
2022-09-24 22:00:00,15.160000000000007
2022-09-24 23:00:00,13.801999999999996
2022-09-25 00:00:00,13.175999999999995
2022-09-25 01:00:00,13.277999999999993
2022-09-25 02:00:00,13.016999999999998
2022-09-25 03:00:00,12.422999999999995
2022-09-25 04:00:00,12.867000000000012
2022-09-25 05:00:00,12.480000000000002
2022-09-25 06:00:00,12.607999999999999
2022-09-25 07:00:00,12.637
2022-09-25 08:00:00,12.538999999999998
2022-09-25 09:00:00,12.825999999999995
2022-09-25 10:00:00,12.943000000000005
2022-09-25 11:00:00,12.924
2022-09-25 12:00:00,12.609000000000005
2022-09-25 13:00:00,13.303999999999997
2022-09-25 14:00:00,13.542
2022-09-25 15:00:00,14.841000000000008
2022-09-25 16:00:00,16.491000000000003
2022-09-25 17:00:00,16.806
2022-09-25 18:00:00,17.444000000000003
2022-09-25 19:00:00,18.60199999999999
2022-09-25 20:00:00,18.03
2022-09-25 21:00:00,17.429999999999996
2022-09-25 22:00:00,16.911999999999995
2022-09-25 23:00:00,15.060999999999996
2022-09-26 00:00:00,14.689999999999996
2022-09-26 01:00:00,13.383000000000004
2022-09-26 02:00:00,14.286
2022-09-26 03:00:00,13.335999999999999
2022-09-26 04:00:00,13.663000000000002
2022-09-26 05:00:00,12.642999999999999
2022-09-26 06:00:00,13.056999999999995
2022-09-26 07:00:00,12.126000000000003
2022-09-26 08:00:00,11.915999999999999
2022-09-26 09:00:00,12.082999999999997
2022-09-26 10:00:00,10.699000000000002
2022-09-26 11:00:00,10.770999999999999
2022-09-26 12:00:00,11.074000000000005
2022-09-26 13:00:00,12.156999999999996
2022-09-26 14:00:00,13.149999999999995
2022-09-26 15:00:00,14.231
2022-09-26 16:00:00,14.721000000000002
2022-09-26 17:00:00,15.927999999999997
2022-09-26 18:00:00,17.157999999999994
2022-09-26 19:00:00,17.249
2022-09-26 20:00:00,16.03699999999999
2022-09-26 21:00:00,16.545999999999992
2022-09-26 22:00:00,15.321999999999994
2022-09-26 23:00:00,12.586000000000002
2022-09-27 00:00:00,12.180999999999992
2022-09-27 01:00:00,10.242999999999997
2022-09-27 02:00:00,10.028999999999998
2022-09-27 03:00:00,10.155
2022-09-27 04:00:00,9.461000000000002
2022-09-27 05:00:00,9.633999999999999
2022-09-27 06:00:00,9.359999999999992
2022-09-27 07:00:00,8.428999999999997
2022-09-27 08:00:00,9.064
2022-09-27 09:00:00,8.345999999999997
2022-09-27 10:00:00,8.557999999999995
2022-09-27 11:00:00,8.945999999999996
2022-09-27 12:00:00,9.434999999999997
2022-09-27 13:00:00,10.278000000000002
2022-09-27 14:00:00,11.931000000000004
2022-09-27 15:00:00,13.691
2022-09-27 16:00:00,13.391000000000002
2022-09-27 17:00:00,13.881000000000002
2022-09-27 18:00:00,13.985
2022-09-27 19:00:00,13.788000000000004
2022-09-27 20:00:00,14.468
2022-09-27 21:00:00,12.877000000000008
2022-09-27 22:00:00,13.525000000000007
2022-09-27 23:00:00,12.302999999999997
2022-09-28 00:00:00,10.779999999999998
2022-09-28 01:00:00,9.830999999999996
2022-09-28 02:00:00,8.96
2022-09-28 03:00:00,8.032
2022-09-28 04:00:00,7.434999999999997
2022-09-28 05:00:00,7.162999999999995
2022-09-28 06:00:00,7.005
2022-09-28 07:00:00,6.155
2022-09-28 08:00:00,6.0989999999999975
2022-09-28 09:00:00,5.589000000000001
2022-09-28 10:00:00,5.644000000000001
2022-09-28 11:00:00,5.419
2022-09-28 12:00:00,7.372999999999996
2022-09-28 13:00:00,9.585999999999995
2022-09-28 14:00:00,10.561000000000003
2022-09-28 15:00:00,11.715000000000009
2022-09-28 16:00:00,12.728000000000003
2022-09-28 17:00:00,13.105
2022-09-28 18:00:00,13.593
2022-09-28 19:00:00,13.095999999999997
2022-09-28 20:00:00,13.66100000000001
2022-09-28 21:00:00,12.350000000000001
2022-09-28 22:00:00,12.022000000000002
2022-09-28 23:00:00,12.311000000000002
2022-09-29 00:00:00,9.402999999999999
2022-09-29 01:00:00,7.691999999999998
2022-09-29 02:00:00,6.573000000000002
2022-09-29 03:00:00,5.9430000000000005
2022-09-29 04:00:00,6.089999999999999
2022-09-29 05:00:00,5.526
2022-09-29 06:00:00,5.680000000000002
2022-09-29 07:00:00,5.296
2022-09-29 08:00:00,4.025
2022-09-29 09:00:00,4.277
2022-09-29 10:00:00,4.377999999999999
2022-09-29 11:00:00,3.1710000000000003
2022-09-29 12:00:00,4.119000000000001
2022-09-29 13:00:00,7.269999999999998
2022-09-29 14:00:00,9.623999999999999
2022-09-29 15:00:00,10.881999999999996
2022-09-29 16:00:00,12.664000000000001
2022-09-29 17:00:00,13.800000000000002
2022-09-29 18:00:00,13.820000000000002
2022-09-29 19:00:00,14.623000000000005
2022-09-29 20:00:00,14.624999999999998
2022-09-29 21:00:00,14.972000000000005
2022-09-29 22:00:00,14.067999999999994
2022-09-29 23:00:00,11.278999999999995
2022-09-30 00:00:00,9.771999999999997
2022-09-30 01:00:00,8.086999999999998
2022-09-30 02:00:00,7.902000000000002
2022-09-30 03:00:00,7.166
2022-09-30 04:00:00,7.0080000000000044
2022-09-30 05:00:00,6.088000000000003
2022-09-30 06:00:00,5.938999999999998
2022-09-30 07:00:00,6.139999999999995
2022-09-30 08:00:00,5.395000000000001
2022-09-30 09:00:00,6.369000000000001
2022-09-30 10:00:00,4.133999999999999
2022-09-30 11:00:00,4.996000000000002
2022-09-30 12:00:00,6.051
2022-09-30 13:00:00,8.855
2022-09-30 14:00:00,12.293999999999997
2022-09-30 15:00:00,13.715000000000005
2022-09-30 16:00:00,15.530000000000005
2022-09-30 17:00:00,16.398999999999997
2022-09-30 18:00:00,17.55900000000001
2022-09-30 19:00:00,18.115000000000006
2022-09-30 20:00:00,18.009000000000004
2022-09-30 21:00:00,18.438000000000002
2022-09-30 22:00:00,16.424
2022-09-30 23:00:00,12.491000000000003
2022-10-01 00:00:00,10.713999999999993
2022-10-01 01:00:00,9.512999999999996
2022-10-01 02:00:00,7.024999999999997
2022-10-01 03:00:00,6.563999999999998
2022-10-01 04:00:00,6.3560000000000025
2022-10-01 05:00:00,6.365000000000004
2022-10-01 06:00:00,5.873000000000003
2022-10-01 07:00:00,5.290000000000003
2022-10-01 08:00:00,5.243000000000002
2022-10-01 09:00:00,5.490999999999999
2022-10-01 10:00:00,3.812000000000001
2022-10-01 11:00:00,4.678999999999999
2022-10-01 12:00:00,7.2970000000000015
2022-10-01 13:00:00,10.529000000000002
2022-10-01 14:00:00,14.453999999999994
2022-10-01 15:00:00,16.771
2022-10-01 16:00:00,17.811000000000003
2022-10-01 17:00:00,18.829000000000004
2022-10-01 18:00:00,19.882000000000005
2022-10-01 19:00:00,19.945000000000007
2022-10-01 20:00:00,19.83299999999999
2022-10-01 21:00:00,19.803999999999988
2022-10-01 22:00:00,17.993000000000006
2022-10-01 23:00:00,14.118000000000002
2022-10-02 00:00:00,11.246999999999998
2022-10-02 01:00:00,11.443000000000001
2022-10-02 02:00:00,9.529999999999996
2022-10-02 03:00:00,8.641999999999998
2022-10-02 04:00:00,8.346999999999998
2022-10-02 05:00:00,7.882999999999999
2022-10-02 06:00:00,7.903
2022-10-02 07:00:00,7.852000000000004
2022-10-02 08:00:00,7.623999999999998
2022-10-02 09:00:00,7.408999999999999
2022-10-02 10:00:00,6.983999999999998
2022-10-02 11:00:00,7.427000000000005
2022-10-02 12:00:00,7.784000000000001
2022-10-02 13:00:00,12.684
2022-10-02 14:00:00,15.520999999999999
2022-10-02 15:00:00,17.764
2022-10-02 16:00:00,19.163
2022-10-02 17:00:00,19.950999999999993
2022-10-02 18:00:00,20.391000000000002
2022-10-02 19:00:00,20.11
2022-10-02 20:00:00,20.154000000000003
2022-10-02 21:00:00,19.784000000000002
2022-10-02 22:00:00,18.440999999999992
2022-10-02 23:00:00,16.807999999999996
2022-10-03 00:00:00,15.095999999999997
2022-10-03 01:00:00,12.796999999999995
2022-10-03 02:00:00,13.083999999999998
2022-10-03 03:00:00,12.521
2022-10-03 04:00:00,12.551000000000004
2022-10-03 05:00:00,11.991000000000003
2022-10-03 06:00:00,11.708000000000002
2022-10-03 07:00:00,11.449000000000003
2022-10-03 08:00:00,11.493999999999996
2022-10-03 09:00:00,10.843999999999996
2022-10-03 10:00:00,10.882000000000005
2022-10-03 11:00:00,10.662999999999997
2022-10-03 12:00:00,12.128000000000004
2022-10-03 13:00:00,12.893000000000013
2022-10-03 14:00:00,14.044000000000008
2022-10-03 15:00:00,16.020000000000003
2022-10-03 16:00:00,17.443
2022-10-03 17:00:00,17.848000000000003
2022-10-03 18:00:00,18.544000000000004
2022-10-03 19:00:00,19.012999999999998
2022-10-03 20:00:00,18.788999999999998
2022-10-03 21:00:00,17.895000000000003
2022-10-03 22:00:00,17.560000000000002
2022-10-03 23:00:00,14.833
2022-10-04 00:00:00,12.005
2022-10-04 01:00:00,12.07
2022-10-04 02:00:00,10.429000000000004
2022-10-04 03:00:00,9.957
2022-10-04 04:00:00,9.630999999999998
2022-10-04 05:00:00,9.136999999999999
2022-10-04 06:00:00,8.774999999999999
2022-10-04 07:00:00,8.146
2022-10-04 08:00:00,7.987999999999999
2022-10-04 09:00:00,6.965
2022-10-04 10:00:00,7.396
2022-10-04 11:00:00,5.912000000000001
2022-10-04 12:00:00,7.002000000000004
2022-10-04 13:00:00,10.051000000000002
2022-10-04 14:00:00,13.685000000000002
2022-10-04 15:00:00,16.208999999999996
2022-10-04 16:00:00,17.99399999999999
2022-10-04 17:00:00,19.403
2022-10-04 18:00:00,20.17099999999999
2022-10-04 19:00:00,20.364999999999995
2022-10-04 20:00:00,20.075999999999993
2022-10-04 21:00:00,20.203999999999994
2022-10-04 22:00:00,18.361
2022-10-04 23:00:00,12.886999999999999
2022-10-05 00:00:00,11.580999999999992
2022-10-05 01:00:00,10.640999999999996
2022-10-05 02:00:00,8.706
2022-10-05 03:00:00,7.740999999999998
2022-10-05 04:00:00,6.963000000000001
2022-10-05 05:00:00,7.035000000000001
2022-10-05 06:00:00,5.962000000000001
2022-10-05 07:00:00,5.4970000000000026
2022-10-05 08:00:00,5.7879999999999985
2022-10-05 09:00:00,4.9380000000000015
2022-10-05 10:00:00,4.639
2022-10-05 11:00:00,5.237000000000002
2022-10-05 12:00:00,5.875
2022-10-05 13:00:00,11.923
2022-10-05 14:00:00,16.334000000000003
2022-10-05 15:00:00,18.669999999999995
2022-10-05 16:00:00,20.257999999999992
2022-10-05 17:00:00,20.733
2022-10-05 18:00:00,21.530999999999995
2022-10-05 19:00:00,22.09399999999999
2022-10-05 20:00:00,21.550999999999995
2022-10-05 21:00:00,20.984
2022-10-05 22:00:00,19.77400000000001
2022-10-05 23:00:00,13.906999999999996
2022-10-06 00:00:00,12.812999999999995
2022-10-06 01:00:00,11.649
2022-10-06 02:00:00,11.488999999999999
2022-10-06 03:00:00,10.46
2022-10-06 04:00:00,8.955000000000002
2022-10-06 05:00:00,8.081000000000007
2022-10-06 06:00:00,8.024000000000003
2022-10-06 07:00:00,6.909000000000001
2022-10-06 08:00:00,6.410999999999997
2022-10-06 09:00:00,7.334999999999999
2022-10-06 10:00:00,6.819
2022-10-06 11:00:00,6.281000000000003
2022-10-06 12:00:00,9.280999999999999
2022-10-06 13:00:00,13.254000000000001
2022-10-06 14:00:00,16.593000000000004
2022-10-06 15:00:00,19.504999999999992
2022-10-06 16:00:00,20.88299999999999
2022-10-06 17:00:00,22.417999999999996
2022-10-06 18:00:00,23.567000000000004
2022-10-06 19:00:00,23.148000000000014
2022-10-06 20:00:00,23.237000000000002
2022-10-06 21:00:00,22.497999999999994
2022-10-06 22:00:00,20.240999999999996
2022-10-06 23:00:00,16.186000000000007
2022-10-07 00:00:00,14.451
2022-10-07 01:00:00,13.905
2022-10-07 02:00:00,13.764000000000001
2022-10-07 03:00:00,12.940999999999997
2022-10-07 04:00:00,13.398999999999996
2022-10-07 05:00:00,12.744999999999997
2022-10-07 06:00:00,13.476000000000004
2022-10-07 07:00:00,12.01
2022-10-07 08:00:00,11.307999999999998
2022-10-07 09:00:00,11.718000000000002
2022-10-07 10:00:00,11.318
2022-10-07 11:00:00,10.298
2022-10-07 12:00:00,11.001000000000003
2022-10-07 13:00:00,13.007999999999997
2022-10-07 14:00:00,13.899
2022-10-07 15:00:00,14.768999999999998
2022-10-07 16:00:00,14.304999999999998
2022-10-07 17:00:00,14.904000000000003
2022-10-07 18:00:00,13.962000000000005
2022-10-07 19:00:00,14.774
2022-10-07 20:00:00,13.834000000000005
2022-10-07 21:00:00,12.639
2022-10-07 22:00:00,11.600999999999999
2022-10-07 23:00:00,10.538999999999998
2022-10-08 00:00:00,9.588999999999997
2022-10-08 01:00:00,8.605
2022-10-08 02:00:00,8.347000000000001
2022-10-08 03:00:00,8.088000000000006
2022-10-08 04:00:00,8.142999999999999
2022-10-08 05:00:00,7.977
2022-10-08 06:00:00,7.474000000000003
2022-10-08 07:00:00,6.387000000000004
2022-10-08 08:00:00,6.082000000000001
2022-10-08 09:00:00,6.386999999999998
2022-10-08 10:00:00,5.671000000000001
2022-10-08 11:00:00,5.0390000000000015
2022-10-08 12:00:00,5.899000000000001
2022-10-08 13:00:00,6.810000000000002
2022-10-08 14:00:00,8.386999999999999
2022-10-08 15:00:00,8.879000000000001
2022-10-08 16:00:00,9.948000000000002
2022-10-08 17:00:00,9.880999999999998
2022-10-08 18:00:00,10.003999999999998
2022-10-08 19:00:00,10.334000000000005
2022-10-08 20:00:00,10.827000000000004
2022-10-08 21:00:00,10.680000000000007
2022-10-08 22:00:00,9.887999999999998
2022-10-08 23:00:00,8.7
2022-10-09 00:00:00,6.3119999999999985
2022-10-09 01:00:00,4.522
2022-10-09 02:00:00,3.4979999999999993
2022-10-09 03:00:00,3.040000000000001
2022-10-09 04:00:00,2.357999999999999
2022-10-09 05:00:00,1.9609999999999999
2022-10-09 06:00:00,0.954
2022-10-09 07:00:00,1.3019999999999998
2022-10-09 08:00:00,1.3839999999999997
2022-10-09 09:00:00,2.1770000000000005
2022-10-09 10:00:00,1.382
2022-10-09 11:00:00,1.139
2022-10-09 12:00:00,2.388999999999999
2022-10-09 13:00:00,5.239000000000001
2022-10-09 14:00:00,8.578000000000003
2022-10-09 15:00:00,10.236999999999998
2022-10-09 16:00:00,12.538
2022-10-09 17:00:00,14.036
2022-10-09 18:00:00,14.237000000000002
2022-10-09 19:00:00,14.641000000000004
2022-10-09 20:00:00,14.756000000000006
2022-10-09 21:00:00,13.958
2022-10-09 22:00:00,13.480999999999995
2022-10-09 23:00:00,10.925999999999997
2022-10-10 00:00:00,7.784
2022-10-10 01:00:00,6.404000000000001
2022-10-10 02:00:00,6.269999999999998
2022-10-10 03:00:00,6.123999999999999
2022-10-10 04:00:00,5.625
2022-10-10 05:00:00,6.113000000000003
2022-10-10 06:00:00,5.424000000000001
2022-10-10 07:00:00,4.338
2022-10-10 08:00:00,4.117999999999998
2022-10-10 09:00:00,3.291000000000001
2022-10-10 10:00:00,3.5819999999999976
2022-10-10 11:00:00,2.992
2022-10-10 12:00:00,4.54
2022-10-10 13:00:00,7.957000000000004
2022-10-10 14:00:00,11.657
2022-10-10 15:00:00,13.392999999999999
2022-10-10 16:00:00,16.653000000000006
2022-10-10 17:00:00,17.122
2022-10-10 18:00:00,17.371999999999993
2022-10-10 19:00:00,19.162999999999997
2022-10-10 20:00:00,18.670000000000005
2022-10-10 21:00:00,17.353
2022-10-10 22:00:00,16.136999999999997
2022-10-10 23:00:00,13.016000000000002
2022-10-11 00:00:00,11.555999999999994
2022-10-11 01:00:00,9.765000000000002
2022-10-11 02:00:00,10.141
2022-10-11 03:00:00,7.955
2022-10-11 04:00:00,7.7940000000000005
2022-10-11 05:00:00,6.733999999999998
2022-10-11 06:00:00,5.951000000000001
2022-10-11 07:00:00,5.5710000000000015
2022-10-11 08:00:00,5.027
2022-10-11 09:00:00,5.132
2022-10-11 10:00:00,5.1339999999999995
2022-10-11 11:00:00,4.712000000000001
2022-10-11 12:00:00,6.160999999999999
2022-10-11 13:00:00,8.832000000000004
2022-10-11 14:00:00,11.051000000000002
2022-10-11 15:00:00,14.288999999999998
2022-10-11 16:00:00,15.946000000000003
2022-10-11 17:00:00,18.305999999999994
2022-10-11 18:00:00,18.775
2022-10-11 19:00:00,19.924
2022-10-11 20:00:00,19.663
2022-10-11 21:00:00,19.177
2022-10-11 22:00:00,17.477999999999998
2022-10-11 23:00:00,13.596000000000009
2022-10-12 00:00:00,11.379000000000003
2022-10-12 01:00:00,10.713
2022-10-12 02:00:00,10.533000000000005
2022-10-12 03:00:00,8.939999999999996
2022-10-12 04:00:00,9.629999999999999
2022-10-12 05:00:00,8.124
2022-10-12 06:00:00,8.896999999999998
2022-10-12 07:00:00,8.548
2022-10-12 08:00:00,9.060000000000004
2022-10-12 09:00:00,10.377
2022-10-12 10:00:00,10.975000000000001
2022-10-12 11:00:00,11.585999999999999
2022-10-12 12:00:00,12.526
2022-10-12 13:00:00,14.238000000000005
2022-10-12 14:00:00,17.035999999999994
2022-10-12 15:00:00,20.025999999999993
2022-10-12 16:00:00,21.708
2022-10-12 17:00:00,22.149
2022-10-12 18:00:00,22.390000000000004
2022-10-12 19:00:00,22.192000000000004
2022-10-12 20:00:00,21.730000000000004
2022-10-12 21:00:00,21.438000000000002
2022-10-12 22:00:00,19.894000000000002
2022-10-12 23:00:00,19.317000000000004
2022-10-13 00:00:00,16.776000000000007
2022-10-13 01:00:00,16.779000000000007
2022-10-13 02:00:00,17.396999999999995
2022-10-13 03:00:00,16.550000000000004
2022-10-13 04:00:00,16.396000000000004
2022-10-13 05:00:00,16.343000000000007
2022-10-13 06:00:00,16.126
2022-10-13 07:00:00,15.995999999999999
2022-10-13 08:00:00,14.564
2022-10-13 09:00:00,13.707000000000003
2022-10-13 10:00:00,14.103999999999994
2022-10-13 11:00:00,14.069000000000003
2022-10-13 12:00:00,12.599999999999996
2022-10-13 13:00:00,11.992999999999997
2022-10-13 14:00:00,11.710000000000003
2022-10-13 15:00:00,11.402999999999999
2022-10-13 16:00:00,12.373999999999999
2022-10-13 17:00:00,13.08499999999999
2022-10-13 18:00:00,13.044999999999995
2022-10-13 19:00:00,13.327
2022-10-13 20:00:00,12.982999999999995
2022-10-13 21:00:00,12.419000000000006
2022-10-13 22:00:00,12.482000000000005
2022-10-13 23:00:00,9.418999999999997
2022-10-14 00:00:00,9.651999999999997
2022-10-14 01:00:00,9.041999999999998
2022-10-14 02:00:00,7.457000000000001
2022-10-14 03:00:00,7.143000000000001
2022-10-14 04:00:00,6.301999999999996
2022-10-14 05:00:00,5.522
2022-10-14 06:00:00,5.7780000000000005
2022-10-14 07:00:00,6.114999999999998
2022-10-14 08:00:00,4.667
2022-10-14 09:00:00,5.3610000000000015
2022-10-14 10:00:00,5.319000000000001
2022-10-14 11:00:00,5.34
2022-10-14 12:00:00,5.286999999999999
2022-10-14 13:00:00,5.652000000000004
2022-10-14 14:00:00,5.56
2022-10-14 15:00:00,6.863
2022-10-14 16:00:00,7.495999999999998
2022-10-14 17:00:00,7.8300000000000045
2022-10-14 18:00:00,7.459000000000007
2022-10-14 19:00:00,6.889000000000002
2022-10-14 20:00:00,7.728000000000005
2022-10-14 21:00:00,8.158000000000001
2022-10-14 22:00:00,7.074
2022-10-14 23:00:00,5.504000000000001
2022-10-15 00:00:00,5.549000000000002
2022-10-15 01:00:00,4.598999999999998
2022-10-15 02:00:00,4.008
2022-10-15 03:00:00,3.292
2022-10-15 04:00:00,3.284
2022-10-15 05:00:00,3.0779999999999994
2022-10-15 06:00:00,2.7899999999999987
2022-10-15 07:00:00,2.3580000000000005
2022-10-15 08:00:00,1.7690000000000006
2022-10-15 09:00:00,1.6130000000000007
2022-10-15 10:00:00,2.2290000000000005
2022-10-15 11:00:00,2.3350000000000004
2022-10-15 12:00:00,2.4690000000000003
2022-10-15 13:00:00,3.8550000000000013
2022-10-15 14:00:00,6.6080000000000005
2022-10-15 15:00:00,8.753999999999996
2022-10-15 16:00:00,9.270000000000005
2022-10-15 17:00:00,9.809000000000001
2022-10-15 18:00:00,9.319000000000004
2022-10-15 19:00:00,10.767000000000001
2022-10-15 20:00:00,9.604000000000003
2022-10-15 21:00:00,8.723999999999997
2022-10-15 22:00:00,8.914999999999997
2022-10-15 23:00:00,7.821999999999995
