time,temp,tempactual
2022-09-01 00:00:00,21.776073260302383,22.8
2022-09-01 01:00:00,17.99250084155036,20.0
2022-09-01 02:00:00,16.406189073228713,18.9
2022-09-01 03:00:00,15.960310668918302,16.1
2022-09-01 04:00:00,14.559723707444864,15.0
2022-09-01 05:00:00,14.519308368064012,16.1
2022-09-01 06:00:00,13.909831456988938,15.6
2022-09-01 07:00:00,14.108836859171948,15.6
2022-09-01 08:00:00,12.942304367935789,13.9
2022-09-01 09:00:00,13.697482407257327,12.8
2022-09-01 10:00:00,13.627856299606078,12.8
2022-09-01 11:00:00,12.988002065391926,11.7
2022-09-01 12:00:00,14.851989136690264,13.9
2022-09-01 13:00:00,17.325176231927156,19.4
2022-09-01 14:00:00,20.813177972449875,21.1
2022-09-01 15:00:00,22.723005080448697,23.3
2022-09-01 16:00:00,23.891708956480585,25.6
2022-09-01 17:00:00,25.146763275604005,26.1
2022-09-01 18:00:00,25.700802996323002,27.2
2022-09-01 19:00:00,26.285259316934848,28.3
2022-09-01 20:00:00,26.301810362570404,27.2
2022-09-01 21:00:00,26.317096941603367,28.9
2022-09-01 22:00:00,25.36068294559863,26.7
2022-09-01 23:00:00,24.59889088181901,26.7
2022-09-02 00:00:00,22.30859126758338,23.9
2022-09-02 01:00:00,18.976111601625615,18.9
2022-09-02 02:00:00,17.215330011503642,17.2
2022-09-02 03:00:00,15.426193720706348,16.7
2022-09-02 04:00:00,15.017878331299492,14.4
2022-09-02 05:00:00,15.461538166472485,14.4
2022-09-02 06:00:00,15.100829399611948,13.3
2022-09-02 07:00:00,15.255899933761492,13.9
2022-09-02 08:00:00,15.959440886185748,13.9
2022-09-02 09:00:00,15.145683128438492,13.9
2022-09-02 10:00:00,15.057275967573899,13.9
2022-09-02 11:00:00,14.42053994517447,13.9
2022-09-02 12:00:00,16.35111098862443,16.1
2022-09-02 13:00:00,19.26893617295633,20.0
2022-09-02 14:00:00,21.19888340840019,22.8
2022-09-02 15:00:00,23.30727204121274,23.9
2022-09-02 16:00:00,25.038500962950597,26.1
2022-09-02 17:00:00,25.867551659920256,26.7
2022-09-02 18:00:00,26.82104059700455,28.3
2022-09-02 19:00:00,27.681477245787505,27.8
2022-09-02 20:00:00,26.79831178308203,28.9
2022-09-02 21:00:00,27.800107992093228,28.9
2022-09-02 22:00:00,26.32954997538715,27.2
2022-09-02 23:00:00,26.01046142466784,27.2
2022-09-03 00:00:00,23.481470984121803,25.0
2022-09-03 01:00:00,19.6820106994753,22.8
2022-09-03 02:00:00,18.61671782236594,20.6
2022-09-03 03:00:00,18.199632129906103,20.6
2022-09-03 04:00:00,16.837543549982712,20.0
2022-09-03 05:00:00,16.79199353216662,19.4
2022-09-03 06:00:00,15.697597280116675,18.3
2022-09-03 07:00:00,16.497907898429677,17.8
2022-09-03 08:00:00,16.194901598507148,18.3
2022-09-03 09:00:00,16.154351574334363,17.8
2022-09-03 10:00:00,16.419670979095883,15.6
2022-09-03 11:00:00,16.15426154203396,15.6
2022-09-03 12:00:00,17.826416548966712,18.9
2022-09-03 13:00:00,19.94903181182757,22.2
2022-09-03 14:00:00,22.575046524051963,24.4
2022-09-03 15:00:00,23.97344220429783,26.7
2022-09-03 16:00:00,25.678382440229644,27.8
2022-09-03 17:00:00,26.426455558236,27.8
2022-09-03 18:00:00,27.722893545454255,29.4
2022-09-03 19:00:00,27.399003454261944,30.0
2022-09-03 20:00:00,28.14937736755676,30.0
2022-09-03 21:00:00,28.101663289892493,29.4
2022-09-03 22:00:00,26.884187278929353,28.9
2022-09-03 23:00:00,26.628117637313586,28.3
2022-09-04 00:00:00,24.107918879539124,22.8
2022-09-04 01:00:00,21.886201427618925,22.8
2022-09-04 02:00:00,20.012806017589067,20.6
2022-09-04 03:00:00,19.855585663840653,20.0
2022-09-04 04:00:00,19.37409902483199,21.1
2022-09-04 05:00:00,19.05140723262289,21.7
2022-09-04 06:00:00,18.617585050119487,21.1
2022-09-04 07:00:00,18.49273295147236,20.6
2022-09-04 08:00:00,18.652582403210108,21.1
2022-09-04 09:00:00,18.480388631507157,21.1
2022-09-04 10:00:00,17.750001636566594,21.1
2022-09-04 11:00:00,17.622361318400753,20.6
2022-09-04 12:00:00,18.876165939974026,20.6
2022-09-04 13:00:00,21.250950358701424,20.0
2022-09-04 14:00:00,23.113160368953896,19.4
2022-09-04 15:00:00,25.538218064981553,20.0
2022-09-04 16:00:00,26.554923234856425,20.0
2022-09-04 17:00:00,27.132323551659564,20.0
2022-09-04 18:00:00,28.051552469984145,20.0
2022-09-04 19:00:00,28.178123041898157,20.0
2022-09-04 20:00:00,28.115031181305483,20.0
2022-09-04 21:00:00,28.053384819298703,20.0
2022-09-04 22:00:00,27.660943012125877,20.0
2022-09-04 23:00:00,26.67057801091244,19.4
2022-09-05 00:00:00,22.608994183763958,18.9
2022-09-05 01:00:00,21.35600649683037,18.3
2022-09-05 02:00:00,19.744787963829758,17.8
2022-09-05 03:00:00,19.33796696945195,17.8
2022-09-05 04:00:00,18.92200939481613,17.2
2022-09-05 05:00:00,17.63014422077988,17.2
2022-09-05 06:00:00,18.57378326061276,17.2
2022-09-05 07:00:00,18.214819574413312,17.2
2022-09-05 08:00:00,19.02328741104012,17.2
2022-09-05 09:00:00,18.813289468954913,17.2
2022-09-05 10:00:00,18.567070319137283,17.2
2022-09-05 11:00:00,17.69417305260457,17.2
2022-09-05 12:00:00,18.514232164135926,17.8
2022-09-05 13:00:00,19.275548159003,17.8
2022-09-05 14:00:00,19.851654706032296,20.0
2022-09-05 15:00:00,21.238713627677345,20.0
2022-09-05 16:00:00,22.086303669030777,21.1
2022-09-05 17:00:00,22.7515108213248,21.1
2022-09-05 18:00:00,23.294636633434802,21.7
2022-09-05 19:00:00,23.59052200965368,22.8
2022-09-05 20:00:00,23.436212039863644,22.8
2022-09-05 21:00:00,23.167342447329258,22.8
2022-09-05 22:00:00,22.432839631717094,22.2
2022-09-05 23:00:00,21.892109733147958,21.7
2022-09-06 00:00:00,20.32545999880606,21.7
2022-09-06 01:00:00,18.781774053986943,21.7
2022-09-06 02:00:00,17.611519579807105,20.6
2022-09-06 03:00:00,17.14957393761966,20.0
2022-09-06 04:00:00,16.68915773264715,19.4
2022-09-06 05:00:00,17.103409021478292,19.4
2022-09-06 06:00:00,16.988917400752364,19.4
2022-09-06 07:00:00,16.851395338613816,19.4
2022-09-06 08:00:00,16.71289238939247,19.4
2022-09-06 09:00:00,16.69398519501886,18.9
2022-09-06 10:00:00,16.619453703080154,18.9
2022-09-06 11:00:00,16.60130331714498,18.3
2022-09-06 12:00:00,16.882483697508086,18.9
2022-09-06 13:00:00,17.631288835750315,19.4
2022-09-06 14:00:00,20.078567735574286,19.4
2022-09-06 15:00:00,20.861388362015955,20.6
2022-09-06 16:00:00,22.04054690404712,21.7
2022-09-06 17:00:00,22.451741293537726,22.2
2022-09-06 18:00:00,23.09407428670236,24.4
2022-09-06 19:00:00,23.800765201473908,24.4
2022-09-06 20:00:00,23.892466020272188,25.6
2022-09-06 21:00:00,23.80100043785641,23.9
2022-09-06 22:00:00,23.21751632031495,23.9
2022-09-06 23:00:00,22.64966504626445,23.9
2022-09-07 00:00:00,21.773353359592033,22.8
2022-09-07 01:00:00,19.818662741743214,21.7
2022-09-07 02:00:00,19.12676676628228,20.6
2022-09-07 03:00:00,18.546367531730866,19.4
2022-09-07 04:00:00,18.46425872472727,15.0
2022-09-07 05:00:00,17.40852032397636,13.3
2022-09-07 06:00:00,17.384308571016064,12.2
2022-09-07 07:00:00,17.017523649563564,11.1
2022-09-07 08:00:00,16.74954010838137,10.6
2022-09-07 09:00:00,16.39033379180033,10.0
2022-09-07 10:00:00,16.708391364281436,11.7
2022-09-07 11:00:00,16.356337990383313,10.0
2022-09-07 12:00:00,16.94172773729944,11.1
2022-09-07 13:00:00,17.993778497971945,17.8
2022-09-07 14:00:00,18.980012681144665,19.4
2022-09-07 15:00:00,20.702447892139617,20.6
2022-09-07 16:00:00,22.04883565123498,22.2
2022-09-07 17:00:00,22.714351728260088,23.9
2022-09-07 18:00:00,24.198560528595937,24.4
2022-09-07 19:00:00,24.344828103466508,25.0
2022-09-07 20:00:00,25.00301611021885,25.0
2022-09-07 21:00:00,23.981666621677167,26.1
2022-09-07 22:00:00,23.83862908080594,25.6
2022-09-07 23:00:00,23.56058949534322,22.8
2022-09-08 00:00:00,21.800620611833406,22.8
2022-09-08 01:00:00,19.582134405302053,21.1
2022-09-08 02:00:00,17.377448753420623,20.0
2022-09-08 03:00:00,18.12746096692868,15.0
2022-09-08 04:00:00,16.76286260907195,14.4
2022-09-08 05:00:00,15.223179670405445,11.7
2022-09-08 06:00:00,14.735918256314054,10.6
2022-09-08 07:00:00,14.338128860342717,8.9
2022-09-08 08:00:00,13.74918817529621,8.9
2022-09-08 09:00:00,13.290264031955244,8.3
2022-09-08 10:00:00,14.440338597418116,7.8
2022-09-08 11:00:00,13.123755739195405,9.4
2022-09-08 12:00:00,14.379963704407892,9.4
2022-09-08 13:00:00,17.310474450371434,17.2
2022-09-08 14:00:00,19.132229024706067,22.8
2022-09-08 15:00:00,20.836779778281777,23.9
2022-09-08 16:00:00,22.51426806314755,25.0
2022-09-08 17:00:00,23.93943314261548,25.0
2022-09-08 18:00:00,24.24637701722741,26.7
2022-09-08 19:00:00,24.879854226265806,27.2
2022-09-08 20:00:00,24.736208163943395,27.2
2022-09-08 21:00:00,25.392499569533502,27.2
2022-09-08 22:00:00,24.96579785772754,26.7
2022-09-08 23:00:00,22.921176190131494,21.7
2022-09-09 00:00:00,21.759017421117164,21.7
2022-09-09 01:00:00,18.813965395223022,18.9
2022-09-09 02:00:00,17.3174676642557,14.4
2022-09-09 03:00:00,16.768219033571636,12.2
2022-09-09 04:00:00,16.238700477226217,12.2
2022-09-09 05:00:00,14.378292334301056,10.6
2022-09-09 06:00:00,13.662241079675733,10.6
2022-09-09 07:00:00,11.869792994128893,9.4
2022-09-09 08:00:00,11.757745676713718,7.8
2022-09-09 09:00:00,11.291536002072021,7.8
2022-09-09 10:00:00,11.05939284469842,7.8
2022-09-09 11:00:00,12.22439535812245,8.3
2022-09-09 12:00:00,12.151499335797284,8.3
2022-09-09 13:00:00,17.930165244843003,20.0
2022-09-09 14:00:00,21.05004612808177,22.8
2022-09-09 15:00:00,22.67028518378372,24.4
2022-09-09 16:00:00,23.80084823802736,24.4
2022-09-09 17:00:00,24.116148234624426,26.7
2022-09-09 18:00:00,25.029636175596238,27.2
2022-09-09 19:00:00,25.404100898907302,27.8
2022-09-09 20:00:00,25.540104781564658,28.3
2022-09-09 21:00:00,25.29012328996106,28.3
2022-09-09 22:00:00,24.743120081080473,26.7
2022-09-09 23:00:00,21.938671116004496,25.0
2022-09-10 00:00:00,21.011439283617324,22.8
2022-09-10 01:00:00,18.4989651967492,20.0
2022-09-10 02:00:00,16.69597796405973,20.0
2022-09-10 03:00:00,15.028292755114778,19.4
2022-09-10 04:00:00,14.965929266226278,15.6
2022-09-10 05:00:00,13.700535822553022,15.6
2022-09-10 06:00:00,13.63963067821629,15.0
2022-09-10 07:00:00,12.533206302391351,15.0
2022-09-10 08:00:00,11.169435996980042,16.1
2022-09-10 09:00:00,11.170060509404301,16.1
2022-09-10 10:00:00,11.164100942163161,15.0
2022-09-10 11:00:00,11.749063337643435,14.4
2022-09-10 12:00:00,11.871760882743338,14.4
2022-09-10 13:00:00,18.174412275938177,22.2
2022-09-10 14:00:00,20.26352160300502,23.9
2022-09-10 15:00:00,21.752807494185873,27.2
2022-09-10 16:00:00,22.419917518271745,27.8
2022-09-10 17:00:00,23.777754472422213,27.8
2022-09-10 18:00:00,24.400018503314126,28.3
2022-09-10 19:00:00,25.021574981208172,29.4
2022-09-10 20:00:00,25.52005568591484,26.7
2022-09-10 21:00:00,25.407531575502183,26.7
2022-09-10 22:00:00,24.402710206961366,27.8
2022-09-10 23:00:00,22.969019224640657,26.1
2022-09-11 00:00:00,20.922459992467658,21.7
2022-09-11 01:00:00,18.91771141410528,21.1
2022-09-11 02:00:00,18.525132872611117,21.7
2022-09-11 03:00:00,17.89340686476548,21.1
2022-09-11 04:00:00,16.936196883965756,21.7
2022-09-11 05:00:00,16.822120638968894,21.7
2022-09-11 06:00:00,16.558322128059437,21.1
2022-09-11 07:00:00,16.45903961912975,20.0
2022-09-11 08:00:00,16.89907659102984,20.0
2022-09-11 09:00:00,17.017799362076623,19.4
2022-09-11 10:00:00,16.183545269316465,19.4
2022-09-11 11:00:00,15.933215028971548,18.9
2022-09-11 12:00:00,16.16106684689551,20.0
2022-09-11 13:00:00,19.414383588894168,20.6
2022-09-11 14:00:00,21.15023026182068,20.6
2022-09-11 15:00:00,23.96534569086617,21.7
2022-09-11 16:00:00,24.70035881181411,21.7
2022-09-11 17:00:00,25.074856203905515,23.3
2022-09-11 18:00:00,25.531704268461247,22.8
2022-09-11 19:00:00,26.041230485705576,22.8
2022-09-11 20:00:00,25.121291801797085,22.8
2022-09-11 21:00:00,25.024400365603658,22.2
2022-09-11 22:00:00,25.464134444427433,21.1
2022-09-11 23:00:00,24.448981998874018,21.1
2022-09-12 00:00:00,20.913614046908613,20.6
2022-09-12 01:00:00,20.00263966285936,20.0
2022-09-12 02:00:00,19.70191582421935,20.0
2022-09-12 03:00:00,19.418540075730995,20.0
2022-09-12 04:00:00,19.09693038918262,19.4
2022-09-12 05:00:00,18.507939954797287,19.4
2022-09-12 06:00:00,18.28402313661237,18.9
2022-09-12 07:00:00,17.533476733992604,16.1
2022-09-12 08:00:00,17.610938449337187,16.1
2022-09-12 09:00:00,17.308457814476228,15.0
2022-09-12 10:00:00,17.289304698332508,15.0
2022-09-12 11:00:00,17.251344720148296,15.6
2022-09-12 12:00:00,17.770457683555545,16.1
2022-09-12 13:00:00,19.03224103398428,15.6
2022-09-12 14:00:00,19.86799137613721,16.1
2022-09-12 15:00:00,21.122875298070298,16.1
2022-09-12 16:00:00,21.779803264948214,16.7
2022-09-12 17:00:00,22.632712906891733,18.3
2022-09-12 18:00:00,22.36146986394044,18.3
2022-09-12 19:00:00,22.304374341856967,17.8
2022-09-12 20:00:00,22.28872157522292,17.8
2022-09-12 21:00:00,22.000351581562064,17.8
2022-09-12 22:00:00,21.19033798798849,17.8
2022-09-12 23:00:00,20.649204730761422,15.6
2022-09-13 00:00:00,19.362168769520164,15.6
2022-09-13 01:00:00,18.23422801065165,15.0
2022-09-13 02:00:00,17.047952789001524,13.3
2022-09-13 03:00:00,17.02816264012746,12.2
2022-09-13 04:00:00,15.801930430351463,12.8
2022-09-13 05:00:00,14.765750716947782,10.6
2022-09-13 06:00:00,14.229712285137047,10.6
2022-09-13 07:00:00,12.7027166047328,11.7
2022-09-13 08:00:00,12.56542185171525,11.7
2022-09-13 09:00:00,13.583544820946734,12.8
2022-09-13 10:00:00,13.392337754269926,13.3
2022-09-13 11:00:00,13.178341007714945,13.3
2022-09-13 12:00:00,12.657527028610723,13.3
2022-09-13 13:00:00,14.727325738324629,17.2
2022-09-13 14:00:00,16.147170000020846,18.3
2022-09-13 15:00:00,16.871217230723563,19.4
2022-09-13 16:00:00,17.834276362492226,19.4
2022-09-13 17:00:00,18.948194019675068,21.7
2022-09-13 18:00:00,19.19819367551513,21.7
2022-09-13 19:00:00,19.153276586037084,21.7
2022-09-13 20:00:00,19.262497997778613,23.3
2022-09-13 21:00:00,19.26841299931373,23.3
2022-09-13 22:00:00,19.13639887328439,22.2
2022-09-13 23:00:00,17.316899610584834,17.2
2022-09-14 00:00:00,16.213541461576426,17.2
2022-09-14 01:00:00,15.806635511767558,15.0
2022-09-14 02:00:00,13.674955535113774,15.6
2022-09-14 03:00:00,13.68126090911612,14.4
2022-09-14 04:00:00,12.882561626807076,11.7
2022-09-14 05:00:00,12.72602173475219,12.8
2022-09-14 06:00:00,12.566708550475973,12.8
2022-09-14 07:00:00,12.85941392379173,12.8
2022-09-14 08:00:00,10.135522548199058,13.0
2022-09-14 09:00:00,10.014227428967565,15.6
2022-09-14 10:00:00,10.671561067077466,16.0
2022-09-14 11:00:00,10.558021730797593,16.0
2022-09-14 12:00:00,10.843021290618681,16.7
2022-09-14 13:00:00,15.400060613535718,18.9
2022-09-14 14:00:00,16.20234285163344,21.7
2022-09-14 15:00:00,18.749868587407803,24.0
2022-09-14 16:00:00,19.743062108740897,25.6
2022-09-14 17:00:00,21.503502986801493,26.7
2022-09-14 18:00:00,21.881646853002785,26.7
2022-09-14 19:00:00,22.042941066359038,28.0
2022-09-14 20:00:00,22.848297740149185,27.0
2022-09-14 21:00:00,22.656068958530316,26.1
2022-09-14 22:00:00,22.06364302926476,24.4
2022-09-14 23:00:00,19.020356085969006,23.0
2022-09-15 00:00:00,17.520620553039745,21.0
2022-09-15 01:00:00,15.893367517088429,20.0
2022-09-15 02:00:00,15.837749218712764,17.8
2022-09-15 03:00:00,14.574581085834875,17.2
2022-09-15 04:00:00,13.336916549424702,17.0
2022-09-15 05:00:00,14.51483908103671,16.7
2022-09-15 06:00:00,14.213139217631152,16.0
2022-09-15 07:00:00,14.062592823767053,14.4
2022-09-15 08:00:00,12.918693758890207,13.3
2022-09-15 09:00:00,13.400518357592622,12.0
2022-09-15 10:00:00,13.06820995030301,12.0
2022-09-15 11:00:00,12.962744390426746,12.2
2022-09-15 12:00:00,14.888639396149665,15.6
2022-09-15 13:00:00,15.914569040246,17.0
2022-09-15 14:00:00,19.36666578116248,17.8
2022-09-15 15:00:00,22.41740126461282,19.4
2022-09-15 16:00:00,23.779466038710392,20.6
2022-09-15 17:00:00,24.87335874568393,21.0
2022-09-15 18:00:00,24.835269167391854,21.1
2022-09-15 19:00:00,25.446256266603985,23.0
2022-09-15 20:00:00,25.18311495576258,22.2
2022-09-15 21:00:00,24.76710243753125,21.7
2022-09-15 22:00:00,24.03991718079279,20.6
2022-09-15 23:00:00,22.88054056894096,18.0
2022-09-16 00:00:00,20.41572311048498,17.0
2022-09-16 01:00:00,18.411327004594725,13.9
2022-09-16 02:00:00,17.281556924867118,14.0
2022-09-16 03:00:00,16.950542734857443,13.0
2022-09-16 04:00:00,16.67471213248242,11.0
2022-09-16 05:00:00,16.306462864345317,10.0
2022-09-16 06:00:00,15.727650965059459,10.6
2022-09-16 07:00:00,14.572720430139805,10.6
2022-09-16 08:00:00,14.09273624226664,10.6
2022-09-16 09:00:00,13.085747303937838,10.0
2022-09-16 10:00:00,13.321331193563958,10.0
2022-09-16 11:00:00,13.260166254563238,10.0
2022-09-16 12:00:00,15.537224004880516,12.0
2022-09-16 13:00:00,16.092845383774474,17.8
2022-09-16 14:00:00,17.382141377780176,20.0
2022-09-16 15:00:00,19.179747191616812,23.0
2022-09-16 16:00:00,20.627664156108334,25.6
2022-09-16 17:00:00,21.34832990364723,26.1
2022-09-16 18:00:00,21.705742645426003,26.7
2022-09-16 19:00:00,23.137772851383264,27.0
2022-09-16 20:00:00,22.741987905891527,26.7
2022-09-16 21:00:00,22.357608860344595,26.1
2022-09-16 22:00:00,21.322819318809017,24.4
2022-09-16 23:00:00,19.002654575045504,19.0
2022-09-17 00:00:00,17.336519359643624,17.0
2022-09-17 01:00:00,15.902498331549268,16.0
2022-09-17 02:00:00,14.86199707983497,14.0
2022-09-17 03:00:00,13.9292549031638,13.0
2022-09-17 04:00:00,12.987365983876757,13.0
2022-09-17 05:00:00,10.803603043860104,12.8
2022-09-17 06:00:00,12.687442801788258,12.2
2022-09-17 07:00:00,12.620075521383843,11.7
2022-09-17 08:00:00,12.504884698269972,11.1
2022-09-17 09:00:00,11.93582186339932,11.0
2022-09-17 10:00:00,10.61890004575253,11.0
2022-09-17 11:00:00,10.48056595809244,11.0
2022-09-17 12:00:00,12.049019058196114,17.0
2022-09-17 13:00:00,17.216258658145794,20.0
2022-09-17 14:00:00,19.49916492896776,22.0
2022-09-17 15:00:00,22.21459837553641,23.3
2022-09-17 16:00:00,23.962159946701952,26.1
2022-09-17 17:00:00,24.935493626801378,27.2
2022-09-17 18:00:00,25.579233682302522,28.3
2022-09-17 19:00:00,25.815685909016942,28.9
2022-09-17 20:00:00,25.76779049134143,29.0
2022-09-17 21:00:00,25.195838954527083,27.8
2022-09-17 22:00:00,24.03546511609755,26.0
2022-09-17 23:00:00,19.939119978452318,23.3
2022-09-18 00:00:00,17.442615902925784,22.0
2022-09-18 01:00:00,16.57430744565983,21.1
2022-09-18 02:00:00,14.845112447555971,20.0
2022-09-18 03:00:00,13.33730288348866,16.7
2022-09-18 04:00:00,13.26668460366574,17.8
2022-09-18 05:00:00,14.08417704973315,17.0
2022-09-18 06:00:00,13.908206378852293,18.9
2022-09-18 07:00:00,13.922872814698122,19.4
2022-09-18 08:00:00,13.861216087027623,19.4
2022-09-18 09:00:00,12.607287407582534,20.0
2022-09-18 10:00:00,13.015433899829084,19.4
2022-09-18 11:00:00,13.017507519240986,19.4
2022-09-18 12:00:00,15.429969653565223,19.4
2022-09-18 13:00:00,17.322802923006975,21.1
2022-09-18 14:00:00,20.145325847612575,24.0
2022-09-18 15:00:00,22.28685536539919,26.1
2022-09-18 16:00:00,24.367600190225097,26.7
2022-09-18 17:00:00,24.95532546759871,27.8
2022-09-18 18:00:00,25.587429967319572,28.3
2022-09-18 19:00:00,25.89645988767657,26.0
2022-09-18 20:00:00,26.120648438309168,26.7
2022-09-18 21:00:00,25.83911228521763,26.0
2022-09-18 22:00:00,24.47124245411486,25.0
2022-09-18 23:00:00,23.13870883191423,23.0
2022-09-19 00:00:00,20.72032818479336,19.0
2022-09-19 01:00:00,19.165105007878694,21.1
2022-09-19 02:00:00,17.884809677210505,19.0
2022-09-19 03:00:00,16.27519628800439,18.9
2022-09-19 04:00:00,16.81045210809003,19.4
2022-09-19 05:00:00,16.095315538959984,19.0
2022-09-19 06:00:00,16.264777111742184,17.8
2022-09-19 07:00:00,16.089286437789802,18.9
2022-09-19 08:00:00,16.247062204716578,19.0
2022-09-19 09:00:00,16.09428362681095,18.9
2022-09-19 10:00:00,16.384721591783187,18.3
2022-09-19 11:00:00,16.254423723897272,17.2
2022-09-19 12:00:00,16.509672220691403,20.6
2022-09-19 13:00:00,18.309169152815475,21.7
2022-09-19 14:00:00,20.773669836760163,24.0
2022-09-19 15:00:00,22.58928978435614,25.0
2022-09-19 16:00:00,23.741328773299934,26.1
2022-09-19 17:00:00,24.757701305078275,26.7
2022-09-19 18:00:00,25.284601381544995,26.7
2022-09-19 19:00:00,24.184825923421002,27.0
2022-09-19 20:00:00,24.69507104064397,26.7
2022-09-19 21:00:00,24.492135442326575,26.1
2022-09-19 22:00:00,23.66271433198324,24.0
2022-09-19 23:00:00,22.49669553453374,23.0
2022-09-20 00:00:00,19.471702581835906,19.0
2022-09-20 01:00:00,19.779092908747963,15.0
2022-09-20 02:00:00,18.492493687292654,13.9
2022-09-20 03:00:00,17.993395621912267,12.8
2022-09-20 04:00:00,17.5522529039175,12.0
2022-09-20 05:00:00,17.116268596623794,12.0
2022-09-20 06:00:00,15.985750403494778,12.0
2022-09-20 07:00:00,15.698987497395265,10.0
2022-09-20 08:00:00,15.123861245684528,10.0
2022-09-20 09:00:00,13.2728136397761,10.0
2022-09-20 10:00:00,13.940355670040287,10.0
2022-09-20 11:00:00,13.246699528535512,9.4
2022-09-20 12:00:00,14.0086976432004,15.6
2022-09-20 13:00:00,16.748758006246913,20.6
2022-09-20 14:00:00,19.241716325514147,23.0
2022-09-20 15:00:00,20.741099563489414,24.0
2022-09-20 16:00:00,22.099284415945018,24.4
2022-09-20 17:00:00,23.2888924881057,24.4
2022-09-20 18:00:00,23.700560703857786,23.0
2022-09-20 19:00:00,24.140280815649465,23.3
2022-09-20 20:00:00,23.88776636889549,23.0
2022-09-20 21:00:00,23.541422516766477,24.0
2022-09-20 22:00:00,22.66827055046626,18.0
2022-09-20 23:00:00,21.30114931571325,18.0
2022-09-21 00:00:00,17.14395938259112,17.0
2022-09-21 01:00:00,15.069633663492386,17.0
2022-09-21 02:00:00,15.689307567260816,17.8
2022-09-21 03:00:00,14.2548836595762,17.8
2022-09-21 04:00:00,11.638300215835518,17.0
2022-09-21 05:00:00,14.003379817657523,18.3
2022-09-21 06:00:00,11.281425401192458,17.0
2022-09-21 07:00:00,10.681774983569342,18.0
2022-09-21 08:00:00,12.58054977304427,18.0
2022-09-21 09:00:00,10.225366264734491,19.0
2022-09-21 10:00:00,10.046197717488502,18.3
2022-09-21 11:00:00,12.67271108214983,19.0
2022-09-21 12:00:00,15.652348290893343,21.1
2022-09-21 13:00:00,18.514173157802112,22.0
2022-09-21 14:00:00,20.422332481513838,22.8
2022-09-21 15:00:00,22.12435930094603,23.0
2022-09-21 16:00:00,23.347407968399448,24.0
2022-09-21 17:00:00,23.874322909815607,27.8
2022-09-21 18:00:00,23.11099719175841,30.0
2022-09-21 19:00:00,22.931860103007484,29.4
2022-09-21 20:00:00,22.87586754632697,28.3
2022-09-21 21:00:00,23.295696277878285,27.8
2022-09-21 22:00:00,20.236487689736315,26.7
2022-09-21 23:00:00,19.571379346697757,25.0
2022-09-22 00:00:00,17.19319418097018,23.3
2022-09-22 01:00:00,17.17197856457717,21.1
2022-09-22 02:00:00,16.676649937962676,20.0
2022-09-22 03:00:00,16.618526988360436,18.9
2022-09-22 04:00:00,16.502914649646662,17.0
2022-09-22 05:00:00,16.065632985662766,16.7
2022-09-22 06:00:00,15.752108523839675,15.6
2022-09-22 07:00:00,15.423975998063337,15.0
2022-09-22 08:00:00,15.233661279857241,14.0
2022-09-22 09:00:00,15.39629906113289,13.3
2022-09-22 10:00:00,14.912952677994838,12.8
2022-09-22 11:00:00,14.975527364355628,12.2
2022-09-22 12:00:00,15.5067298881835,12.0
2022-09-22 13:00:00,17.22957025284866,13.0
2022-09-22 14:00:00,19.38186200777832,13.9
2022-09-22 15:00:00,20.91751349957948,14.4
2022-09-22 16:00:00,21.47179319146135,13.9
2022-09-22 17:00:00,22.682578107407164,16.0
2022-09-22 18:00:00,23.688207829239524,16.0
2022-09-22 19:00:00,23.432567486873296,15.0
2022-09-22 20:00:00,23.112498520058047,16.1
2022-09-22 21:00:00,22.626439360172924,16.0
2022-09-22 22:00:00,21.883817802213372,14.0
2022-09-22 23:00:00,21.54547897194836,13.0
2022-09-23 00:00:00,19.386380660578837,11.7
2022-09-23 01:00:00,16.855443947145,11.1
2022-09-23 02:00:00,15.775858112299643,10.0
2022-09-23 03:00:00,14.473730282530818,8.0
2022-09-23 04:00:00,13.378929557587444,8.3
2022-09-23 05:00:00,12.794066936030973,7.0
2022-09-23 06:00:00,11.863620408740351,7.2
2022-09-23 07:00:00,11.072325316949884,6.1
2022-09-23 08:00:00,10.76807208354393,6.0
2022-09-23 09:00:00,10.033700535225258,5.6
2022-09-23 10:00:00,9.36080800525365,5.6
2022-09-23 11:00:00,8.88707118288925,5.6
2022-09-23 12:00:00,9.087284504739868,8.3
2022-09-23 13:00:00,10.99575108902244,11.0
2022-09-23 14:00:00,13.38874741165283,13.3
2022-09-23 15:00:00,14.720159293761506,13.9
2022-09-23 16:00:00,15.115106674594513,15.0
2022-09-23 17:00:00,17.29341063123472,16.1
2022-09-23 18:00:00,17.822850452958114,17.0
2022-09-23 19:00:00,17.254454084318212,17.2
2022-09-23 20:00:00,18.199767205909477,17.8
2022-09-23 21:00:00,17.922137036581276,16.1
2022-09-23 22:00:00,15.951086170660929,15.0
2022-09-23 23:00:00,14.490558193048194,12.8
2022-09-24 00:00:00,12.46427727593483,12.0
2022-09-24 01:00:00,10.73083440614344,10.0
2022-09-24 02:00:00,9.791130048778426,8.3
2022-09-24 03:00:00,8.663204292908233,8.0
2022-09-24 04:00:00,7.684935461268725,6.7
2022-09-24 05:00:00,7.4150840557209206,8.3
2022-09-24 06:00:00,7.32996668609281,8.9
2022-09-24 07:00:00,7.087636675605316,9.4
2022-09-24 08:00:00,7.26633440897209,11.0
2022-09-24 09:00:00,7.012800387635023,11.0
2022-09-24 10:00:00,7.015191588365025,10.6
2022-09-24 11:00:00,7.019636484674993,10.6
2022-09-24 12:00:00,7.628370195705562,11.1
2022-09-24 13:00:00,11.77352190359444,12.0
2022-09-24 14:00:00,14.334977346850781,12.2
2022-09-24 15:00:00,15.37178349184774,13.3
2022-09-24 16:00:00,17.01239333294774,14.4
2022-09-24 17:00:00,17.9572893801293,16.0
2022-09-24 18:00:00,18.687383050930055,17.2
2022-09-24 19:00:00,18.888110849473993,18.9
2022-09-24 20:00:00,19.265653060219897,18.9
2022-09-24 21:00:00,18.110494804097318,17.8
2022-09-24 22:00:00,17.454607931112633,18.0
2022-09-24 23:00:00,15.116089865916766,15.0
2022-09-25 00:00:00,13.45157390111265,14.0
2022-09-25 01:00:00,12.0207851949223,14.0
2022-09-25 02:00:00,11.074962165538413,13.3
2022-09-25 03:00:00,10.62889596607657,14.0
2022-09-25 04:00:00,9.807450983390753,14.4
2022-09-25 05:00:00,10.962390540252288,15.6
2022-09-25 06:00:00,11.502957346453863,12.0
2022-09-25 07:00:00,11.567780173421857,10.6
2022-09-25 08:00:00,11.875929058551908,11.7
2022-09-25 09:00:00,11.70094521008781,12.8
2022-09-25 10:00:00,11.939824856235818,13.3
2022-09-25 11:00:00,11.722943238621108,13.0
2022-09-25 12:00:00,12.183037959872422,13.3
2022-09-25 13:00:00,13.057613500230788,14.0
2022-09-25 14:00:00,14.352993124856043,16.1
2022-09-25 15:00:00,15.748120828381573,16.1
2022-09-25 16:00:00,16.955022206506563,16.7
2022-09-25 17:00:00,18.349816269946967,17.0
2022-09-25 18:00:00,19.20179363961762,17.2
2022-09-25 19:00:00,20.03859948181639,14.0
2022-09-25 20:00:00,19.823425765433438,15.6
2022-09-25 21:00:00,19.26309909056603,16.0
2022-09-25 22:00:00,19.169218022711203,14.4
2022-09-25 23:00:00,17.04592924369338,13.0
2022-09-26 00:00:00,14.511143451785768,10.6
2022-09-26 01:00:00,12.923579924087115,9.0
2022-09-26 02:00:00,14.323387151538853,11.7
2022-09-26 03:00:00,13.514855717471534,13.0
2022-09-26 04:00:00,13.486229944050418,11.7
2022-09-26 05:00:00,13.99916294091743,12.2
2022-09-26 06:00:00,11.460597024963617,11.7
2022-09-26 07:00:00,12.164828318881815,11.0
2022-09-26 08:00:00,12.34307206803035,9.4
2022-09-26 09:00:00,11.191049579467045,9.4
2022-09-26 10:00:00,12.62831649939491,9.4
2022-09-26 11:00:00,11.277446341558223,10.6
2022-09-26 12:00:00,11.730448380052167,12.0
2022-09-26 13:00:00,12.100205725251268,12.2
2022-09-26 14:00:00,14.875499167059866,13.9
2022-09-26 15:00:00,15.81958410255341,14.0
2022-09-26 16:00:00,17.277775354265696,15.0
2022-09-26 17:00:00,18.106194382688283,14.4
2022-09-26 18:00:00,18.37405352877133,14.4
2022-09-26 19:00:00,16.53334282111093,14.4
2022-09-26 20:00:00,17.54194298007066,13.9
2022-09-26 21:00:00,17.534037387042947,13.0
2022-09-26 22:00:00,16.406073570528324,12.8
2022-09-26 23:00:00,15.585202573762464,12.0
2022-09-27 00:00:00,13.300124218525209,12.0
2022-09-27 01:00:00,11.292906341637256,11.0
2022-09-27 02:00:00,11.683559954103325,10.6
2022-09-27 03:00:00,11.600903913320991,11.0
2022-09-27 04:00:00,10.914282539095987,10.6
2022-09-27 05:00:00,10.870235041964344,10.0
2022-09-27 06:00:00,10.26310743914955,10.0
2022-09-27 07:00:00,9.900810650575446,10.0
2022-09-27 08:00:00,9.571664368445138,10.0
2022-09-27 09:00:00,9.514251399262784,8.3
2022-09-27 10:00:00,9.362740684562068,8.3
2022-09-27 11:00:00,9.377008522916197,9.0
2022-09-27 12:00:00,9.57796233400571,9.4
2022-09-27 13:00:00,10.703733463135523,11.1
2022-09-27 14:00:00,13.293084859780363,12.8
2022-09-27 15:00:00,14.699957849865383,12.2
2022-09-27 16:00:00,15.914061615182705,13.9
2022-09-27 17:00:00,16.19059365378321,16.0
2022-09-27 18:00:00,16.18109849534138,14.4
2022-09-27 19:00:00,16.186805629964212,15.0
2022-09-27 20:00:00,15.93818286242984,14.4
2022-09-27 21:00:00,15.471536776176535,13.0
2022-09-27 22:00:00,15.145617100651288,12.0
2022-09-27 23:00:00,14.399796758580667,11.0
2022-09-28 00:00:00,12.62900384178964,11.0
2022-09-28 01:00:00,11.363214199925904,11.0
2022-09-28 02:00:00,10.344576110065141,11.0
2022-09-28 03:00:00,9.999164484294733,11.0
2022-09-28 04:00:00,9.550297649862292,11.0
2022-09-28 05:00:00,9.480734470141734,10.6
2022-09-28 06:00:00,9.211991464015824,10.0
2022-09-28 07:00:00,8.849613956781543,10.0
2022-09-28 08:00:00,8.688637051732291,10.0
2022-09-28 09:00:00,8.519577640739023,9.4
2022-09-28 10:00:00,8.619806802466616,9.4
2022-09-28 11:00:00,8.851232935862443,9.4
2022-09-28 12:00:00,8.80263614114115,9.0
2022-09-28 13:00:00,10.482870171583446,10.0
2022-09-28 14:00:00,12.81719518349317,12.2
2022-09-28 15:00:00,13.555661457326147,11.7
2022-09-28 16:00:00,14.996140388010282,12.0
2022-09-28 17:00:00,17.304369047588484,13.3
2022-09-28 18:00:00,16.167718408404042,14.0
2022-09-28 19:00:00,16.769067302047787,14.4
2022-09-28 20:00:00,16.16405810415574,14.0
2022-09-28 21:00:00,15.247326819035559,13.3
2022-09-28 22:00:00,14.33904287374238,12.0
2022-09-28 23:00:00,13.425209836757917,11.7
2022-09-29 00:00:00,12.407228376561227,11.7
2022-09-29 01:00:00,11.699908494475126,11.0
2022-09-29 02:00:00,10.825713719876786,11.1
2022-09-29 03:00:00,10.317931400543687,11.0
2022-09-29 04:00:00,9.951112020669,10.6
2022-09-29 05:00:00,9.499172504530836,10.6
2022-09-29 06:00:00,8.841562252886582,10.0
2022-09-29 07:00:00,8.85608196601088,10.0
2022-09-29 08:00:00,8.54509037823773,8.9
2022-09-29 09:00:00,8.244654368294922,6.0
2022-09-29 10:00:00,8.034116212416713,3.0
2022-09-29 11:00:00,7.8425681293362475,3.3
2022-09-29 12:00:00,7.717412429278535,9.0
2022-09-29 13:00:00,9.41774197348358,12.2
2022-09-29 14:00:00,11.778065810064248,13.3
2022-09-29 15:00:00,12.499850051873207,13.3
2022-09-29 16:00:00,13.244425213610205,14.0
2022-09-29 17:00:00,14.476384577524968,13.9
2022-09-29 18:00:00,15.157127681692376,13.9
2022-09-29 19:00:00,15.503424607414203,15.0
2022-09-29 20:00:00,15.225205867124842,15.6
2022-09-29 21:00:00,14.766965212208383,16.0
2022-09-29 22:00:00,14.17756238501375,13.0
2022-09-29 23:00:00,13.564113088083285,9.0
2022-09-30 00:00:00,12.683149199602946,7.0
2022-09-30 01:00:00,11.885048808714851,5.0
2022-09-30 02:00:00,11.612847850153697,4.0
2022-09-30 03:00:00,11.740764473704774,3.9
2022-09-30 04:00:00,11.269141592794815,4.0
2022-09-30 05:00:00,11.091418138099165,2.0
2022-09-30 06:00:00,10.41652532570667,2.8
2022-09-30 07:00:00,10.252094840880368,2.2
2022-09-30 08:00:00,9.789353350108357,1.7
2022-09-30 09:00:00,8.54066325245798,1.7
2022-09-30 10:00:00,7.09013998197396,2.0
2022-09-30 11:00:00,7.700684314885191,2.0
2022-09-30 12:00:00,9.71709322532252,7.2
2022-09-30 13:00:00,12.210608588978713,12.2
2022-09-30 14:00:00,13.635416836715699,15.0
2022-09-30 15:00:00,13.403353804430443,15.6
2022-09-30 16:00:00,14.449199021308084,16.0
2022-09-30 17:00:00,15.334792945747084,17.8
2022-09-30 18:00:00,15.54874577195451,18.3
2022-09-30 19:00:00,16.577682336908303,18.3
2022-09-30 20:00:00,16.736532904238924,18.3
2022-09-30 21:00:00,17.154765848877116,18.0
2022-09-30 22:00:00,14.796790737140205,16.1
2022-09-30 23:00:00,11.854323977238586,13.0
2022-10-01 00:00:00,10.058994049371506,10.0
2022-10-01 01:00:00,8.849935099037182,6.0
2022-10-01 02:00:00,7.828483969281273,5.6
2022-10-01 03:00:00,7.909900469371688,5.0
2022-10-01 04:00:00,7.574185873300022,5.0
2022-10-01 05:00:00,6.951377463226907,8.9
2022-10-01 06:00:00,7.407359966945243,9.0
2022-10-01 07:00:00,7.390778338303696,9.4
2022-10-01 08:00:00,7.262676508996174,9.4
2022-10-01 09:00:00,7.356998007943085,8.9
2022-10-01 10:00:00,6.632521237955022,6.1
2022-10-01 11:00:00,6.593521005104107,7.0
2022-10-01 12:00:00,9.293424277090406,11.7
2022-10-01 13:00:00,12.434377416194296,15.0
2022-10-01 14:00:00,14.580823163569061,16.7
2022-10-01 15:00:00,15.315579673472744,18.0
2022-10-01 16:00:00,16.107293638209338,19.4
2022-10-01 17:00:00,17.48126934725833,20.0
2022-10-01 18:00:00,18.223625438713565,20.6
2022-10-01 19:00:00,18.47138583363278,21.1
2022-10-01 20:00:00,18.669412245205795,21.1
2022-10-01 21:00:00,18.319735601718218,20.0
2022-10-01 22:00:00,16.996080340506538,18.0
2022-10-01 23:00:00,14.462552812865885,17.0
2022-10-02 00:00:00,11.458816008078655,16.0
2022-10-02 01:00:00,8.998049376206515,14.0
2022-10-02 02:00:00,9.135350136985842,13.0
2022-10-02 03:00:00,8.600160334369864,12.8
2022-10-02 04:00:00,8.67736613288596,13.0
2022-10-02 05:00:00,9.831469189467223,11.7
2022-10-02 06:00:00,9.839565131299159,12.0
2022-10-02 07:00:00,10.07084479596088,12.2
2022-10-02 08:00:00,10.301380795560405,12.0
2022-10-02 09:00:00,9.653492869784735,12.0
2022-10-02 10:00:00,8.347942775559975,10.9
2022-10-02 11:00:00,8.764800281592292,10.4
2022-10-02 12:00:00,11.893300637816226,10.1
2022-10-02 13:00:00,13.93415740024448,11.2
2022-10-02 14:00:00,15.21190612673458,12.4
2022-10-02 15:00:00,16.83913392741356,13.8
2022-10-02 16:00:00,18.4744567561188,15.4
2022-10-02 17:00:00,19.42612841340726,16.1
2022-10-02 18:00:00,20.16956737227244,16.9
2022-10-02 19:00:00,20.18425322868612,17.3
2022-10-02 20:00:00,20.54969765106836,17.4
2022-10-02 21:00:00,19.46593486668363,17.1
2022-10-02 22:00:00,17.819006306706836,16.3
2022-10-02 23:00:00,16.68939864130902,14.3
2022-10-03 00:00:00,14.810877832364211,12.0
2022-10-03 01:00:00,13.586881023412685,10.7
2022-10-03 02:00:00,12.660678072545224,9.5
2022-10-03 03:00:00,12.700073950125033,8.6
2022-10-03 04:00:00,12.964079254934546,7.9
2022-10-03 05:00:00,12.404175600226143,7.4
2022-10-03 06:00:00,12.493248439029959,7.1
2022-10-03 07:00:00,12.572574581453702,6.7
2022-10-03 08:00:00,12.372422119194118,6.4
2022-10-03 09:00:00,12.158950490315867,6.1
2022-10-03 10:00:00,11.501661270677795,5.7
2022-10-03 11:00:00,10.987050226112778,0.6
2022-10-03 12:00:00,10.77457123922626,5.6
2022-10-03 13:00:00,11.712347233240124,11.0
2022-10-03 14:00:00,12.851840984903143,13.3
2022-10-03 15:00:00,14.636937673700933,16.0
2022-10-03 16:00:00,16.290699624652774,16.7
2022-10-03 17:00:00,16.9653099883515,16.7
2022-10-03 18:00:00,17.487936501593676,17.8
2022-10-03 19:00:00,17.79553534102364,18.3
2022-10-03 20:00:00,17.906926842142358,18.0
2022-10-03 21:00:00,17.449811969199402,17.8
2022-10-03 22:00:00,16.77799485459993,15.0
2022-10-03 23:00:00,15.044437378633512,8.0
2022-10-04 00:00:00,12.541602393685038,5.0
2022-10-04 01:00:00,11.354353389937828,5.0
2022-10-04 02:00:00,10.212835732908289,3.9
2022-10-04 03:00:00,9.738618189670332,2.2
2022-10-04 04:00:00,9.270480997099483,1.0
2022-10-04 05:00:00,8.968857214720604,2.2
2022-10-04 06:00:00,8.953297577771737,3.0
2022-10-04 07:00:00,8.964969140481069,2.8
2022-10-04 08:00:00,8.980999582595105,3.3
2022-10-04 09:00:00,8.754007906219707,1.0
2022-10-04 10:00:00,8.52852906222189,0.0
2022-10-04 11:00:00,6.3423682742363505,0.0
2022-10-04 12:00:00,8.481650909406708,5.6
2022-10-04 13:00:00,11.446632086147646,14.0
2022-10-04 14:00:00,13.490179136025716,16.1
2022-10-04 15:00:00,16.08660616489614,18.0
2022-10-04 16:00:00,17.00102234491481,19.4
2022-10-04 17:00:00,17.49346922867372,20.6
2022-10-04 18:00:00,18.39477408228278,21.1
2022-10-04 19:00:00,18.93281946725878,21.7
2022-10-04 20:00:00,18.8403193503462,22.0
2022-10-04 21:00:00,18.854778976819265,21.1
2022-10-04 22:00:00,16.677218871549087,19.4
2022-10-04 23:00:00,11.532320353758095,11.0
2022-10-05 00:00:00,9.12950447577918,10.0
2022-10-05 01:00:00,8.937565411270118,7.8
2022-10-05 02:00:00,7.974750633190088,6.0
2022-10-05 03:00:00,7.022699405073578,5.0
2022-10-05 04:00:00,7.118172785998099,5.0
2022-10-05 05:00:00,6.931944987417175,5.0
2022-10-05 06:00:00,6.575646724448095,4.0
2022-10-05 07:00:00,7.1263839872154735,4.0
2022-10-05 08:00:00,7.226344041488993,4.0
2022-10-05 09:00:00,5.968648792018286,5.6
2022-10-05 10:00:00,6.380722366445771,5.0
2022-10-05 11:00:00,6.437193208679945,5.0
2022-10-05 12:00:00,9.032468574251352,10.6
2022-10-05 13:00:00,11.88857355312331,16.0
2022-10-05 14:00:00,14.577999000414437,18.9
2022-10-05 15:00:00,17.414040352055125,21.0
2022-10-05 16:00:00,18.76853189684042,21.7
2022-10-05 17:00:00,19.43330983381327,22.8
2022-10-05 18:00:00,20.18146404585048,23.3
2022-10-05 19:00:00,21.135887679284448,24.0
2022-10-05 20:00:00,20.891221960608195,23.3
2022-10-05 21:00:00,19.98794443019353,22.2
2022-10-05 22:00:00,17.953805789468824,16.0
2022-10-05 23:00:00,12.72099771930695,12.0
2022-10-06 00:00:00,10.238860324429327,10.0
2022-10-06 01:00:00,10.177159585795211,9.0
2022-10-06 02:00:00,9.193757413050934,8.0
2022-10-06 03:00:00,8.202256649442978,10.0
2022-10-06 04:00:00,8.81163316349889,10.0
2022-10-06 05:00:00,6.793188587178099,9.0
2022-10-06 06:00:00,8.08521024204889,8.3
2022-10-06 07:00:00,8.078660192977923,9.4
2022-10-06 08:00:00,8.005246387015733,7.8
2022-10-06 09:00:00,8.778235514116895,8.0
2022-10-06 10:00:00,5.929486833875451,8.0
2022-10-06 11:00:00,8.285801529191177,8.9
2022-10-06 12:00:00,10.118028428611666,11.1
2022-10-06 13:00:00,12.837913766887965,15.0
2022-10-06 14:00:00,15.92531601890581,16.1
2022-10-06 15:00:00,18.471436567613708,21.0
2022-10-06 16:00:00,19.27659673499462,23.3
2022-10-06 17:00:00,20.394150613990714,24.4
2022-10-06 18:00:00,20.583507359998464,23.3
2022-10-06 19:00:00,20.65913686373347,22.0
2022-10-06 20:00:00,20.892670849607974,21.1
2022-10-06 21:00:00,20.719019965207494,20.6
2022-10-06 22:00:00,16.83223264089517,19.4
2022-10-06 23:00:00,13.643784158120381,17.8
2022-10-07 00:00:00,10.903221313592102,17.0
2022-10-07 01:00:00,10.586590199893456,13.3
2022-10-07 02:00:00,10.600822158109263,12.0
2022-10-07 03:00:00,11.411427836237516,11.7
2022-10-07 04:00:00,11.427171349635355,11.1
2022-10-07 05:00:00,8.343974365822053,9.0
2022-10-07 06:00:00,9.496134024053845,8.3
2022-10-07 07:00:00,11.123542017459906,7.8
2022-10-07 08:00:00,10.621066576942992,8.0
2022-10-07 09:00:00,9.057030912701437,7.2
2022-10-07 10:00:00,8.885921350848905,6.7
2022-10-07 11:00:00,10.797525508187169,6.1
2022-10-07 12:00:00,11.88775347522242,6.1
2022-10-07 13:00:00,13.506118955611766,6.7
2022-10-07 14:00:00,15.037131500701422,7.0
2022-10-07 15:00:00,17.54920399850615,7.2
2022-10-07 16:00:00,19.02571329793983,8.0
2022-10-07 17:00:00,19.627971800379896,10.6
2022-10-07 18:00:00,19.691173710917727,9.4
2022-10-07 19:00:00,20.12239128148338,9.0
2022-10-07 20:00:00,20.015128507276497,9.4
2022-10-07 21:00:00,19.528741318515742,8.3
2022-10-07 22:00:00,18.42819136548506,8.3
2022-10-07 23:00:00,16.710216330562094,7.8
2022-10-08 00:00:00,13.678321204847068,8.0
2022-10-08 01:00:00,10.88467083234968,7.2
2022-10-08 02:00:00,9.87541714413261,6.7
2022-10-08 03:00:00,9.263086887336815,6.1
2022-10-08 04:00:00,8.871926459822426,6.0
2022-10-08 05:00:00,7.4643320931411585,3.9
2022-10-08 06:00:00,6.886881018361186,2.2
2022-10-08 07:00:00,6.283584700178426,-0.6
2022-10-08 08:00:00,6.224394977918269,-1.1
2022-10-08 09:00:00,5.6932069962040845,-4.0
2022-10-08 10:00:00,5.308303900131827,-2.8
2022-10-08 11:00:00,4.789881136158292,-3.0
2022-10-08 12:00:00,4.592278426065509,0.0
2022-10-08 13:00:00,5.98851000645321,3.9
2022-10-08 14:00:00,7.855907104890662,7.0
2022-10-08 15:00:00,9.688055745211907,10.0
2022-10-08 16:00:00,10.652085660842205,10.6
2022-10-08 17:00:00,12.438042291927513,11.1
2022-10-08 18:00:00,11.632862587603263,11.1
2022-10-08 19:00:00,11.424392354408427,11.0
2022-10-08 20:00:00,11.841740548190051,11.7
2022-10-08 21:00:00,11.014643014392208,10.6
2022-10-08 22:00:00,11.000779625246246,9.4
2022-10-08 23:00:00,10.42943831678128,6.0
2022-10-09 00:00:00,9.193101799578114,4.4
2022-10-09 01:00:00,7.6718008815355505,2.2
2022-10-09 02:00:00,6.978264626433021,1.1
2022-10-09 03:00:00,5.851884040101658,-1.0
2022-10-09 04:00:00,5.511459830495584,0.0
2022-10-09 05:00:00,5.427947781879522,2.8
2022-10-09 06:00:00,4.671536649828319,1.1
2022-10-09 07:00:00,6.074479755744285,1.7
2022-10-09 08:00:00,5.65059659032743,1.1
2022-10-09 09:00:00,4.747115599398271,0.0
2022-10-09 10:00:00,4.694723412073659,0.0
2022-10-09 11:00:00,4.628495093805257,-1.1
2022-10-09 12:00:00,5.025441765810789,2.2
2022-10-09 13:00:00,6.585864526142367,7.8
2022-10-09 14:00:00,9.335653854623098,12.8
2022-10-09 15:00:00,11.960414199334933,15.0
2022-10-09 16:00:00,12.802915308279482,17.2
2022-10-09 17:00:00,13.480883462017093,17.8
2022-10-09 18:00:00,14.18228617723056,18.9
2022-10-09 19:00:00,14.724686435872275,19.0
2022-10-09 20:00:00,14.904446874366874,18.3
2022-10-09 21:00:00,14.522510095735385,17.2
2022-10-09 22:00:00,12.851524341931704,13.9
2022-10-09 23:00:00,10.072080068936845,11.0
2022-10-10 00:00:00,8.392212646049218,10.0
2022-10-10 01:00:00,7.106254067749277,9.4
2022-10-10 02:00:00,6.734521119203218,9.4
2022-10-10 03:00:00,6.121006894745214,10.0
2022-10-10 04:00:00,6.180490150536639,10.0
2022-10-10 05:00:00,6.114385124395245,10.0
2022-10-10 06:00:00,5.824084481697669,8.3
2022-10-10 07:00:00,5.650764960951728,6.7
2022-10-10 08:00:00,5.5545987166053585,7.2
2022-10-10 09:00:00,5.532191408771455,8.0
2022-10-10 10:00:00,5.453101649856437,5.0
2022-10-10 11:00:00,4.730991623528365,4.4
2022-10-10 12:00:00,5.976197076555433,9.4
2022-10-10 13:00:00,8.37151545354261,12.0
2022-10-10 14:00:00,12.029199621700954,13.9
2022-10-10 15:00:00,15.372469464882569,15.6
2022-10-10 16:00:00,17.52627507953025,17.8
2022-10-10 17:00:00,18.176652650002097,18.3
2022-10-10 18:00:00,19.163953277969846,19.0
2022-10-10 19:00:00,19.426160762999952,19.4
2022-10-10 20:00:00,18.78921452789058,20.0
2022-10-10 21:00:00,18.10192174201136,19.4
2022-10-10 22:00:00,15.305007955174702,15.6
2022-10-10 23:00:00,12.881925905599124,14.0
2022-10-11 00:00:00,11.106564945817402,11.1
2022-10-11 01:00:00,9.574655479446253,8.0
2022-10-11 02:00:00,9.464747901174855,6.0
2022-10-11 03:00:00,9.45677474467667,5.0
2022-10-11 04:00:00,8.180773429642354,5.0
2022-10-11 05:00:00,10.617580774651392,3.0
2022-10-11 06:00:00,9.894255117285688,3.3
2022-10-11 07:00:00,9.090838031359747,4.0
2022-10-11 08:00:00,7.038995843413909,3.0
2022-10-11 09:00:00,5.520535858716916,5.0
2022-10-11 10:00:00,7.800476274986138,4.0
2022-10-11 11:00:00,7.593412037737973,5.0
2022-10-11 12:00:00,10.047026822503865,7.2
2022-10-11 13:00:00,12.311545444933918,11.0
2022-10-11 14:00:00,13.788561822306452,17.2
2022-10-11 15:00:00,16.294693011868898,20.6
2022-10-11 16:00:00,18.18003130364873,22.0
2022-10-11 17:00:00,18.741307548584324,23.3
2022-10-11 18:00:00,19.504067666500706,24.0
2022-10-11 19:00:00,19.740245862679593,22.2
2022-10-11 20:00:00,20.282357441313362,22.2
2022-10-11 21:00:00,19.73076694028157,21.1
2022-10-11 22:00:00,16.95551479243257,20.0
2022-10-11 23:00:00,15.319997159548143,19.0
2022-10-12 00:00:00,12.61669075028247,15.0
2022-10-12 01:00:00,10.569070659954152,13.9
2022-10-12 02:00:00,8.726040246194158,13.3
2022-10-12 03:00:00,8.589505182060782,13.9
2022-10-12 04:00:00,8.908505209456354,15.0
2022-10-12 05:00:00,7.024952809592212,15.0
2022-10-12 06:00:00,7.176062688334747,14.4
2022-10-12 07:00:00,7.474938377548544,15.0
2022-10-12 08:00:00,6.922840496343185,15.0
2022-10-12 09:00:00,7.827486653525917,15.0
2022-10-12 10:00:00,7.535029081446675,14.4
2022-10-12 11:00:00,7.970755017221533,13.9
2022-10-12 12:00:00,8.770084527385158,13.3
2022-10-12 13:00:00,10.824137282341761,14.0
2022-10-12 14:00:00,15.383254384332062,14.4
2022-10-12 15:00:00,18.61576202724623,16.7
2022-10-12 16:00:00,20.53489186694282,20.6
2022-10-12 17:00:00,21.292358254567233,20.0
2022-10-12 18:00:00,21.549117652721065,21.0
2022-10-12 19:00:00,21.058894629305982,19.4
2022-10-12 20:00:00,21.095882978772163,20.0
2022-10-12 21:00:00,20.330999769346267,20.6
2022-10-12 22:00:00,19.25574129325774,19.4
2022-10-12 23:00:00,17.916530683261453,16.0
2022-10-13 00:00:00,14.45168166517554,15.0
2022-10-13 01:00:00,14.006401687956924,14.0
2022-10-13 02:00:00,13.390412736791346,11.7
2022-10-13 03:00:00,13.422476917174837,11.0
2022-10-13 04:00:00,13.167820441570429,9.4
2022-10-13 05:00:00,12.756382479324417,8.0
2022-10-13 06:00:00,12.123223405462888,6.0
2022-10-13 07:00:00,12.18711793186692,8.3
2022-10-13 08:00:00,11.964648382044784,8.0
2022-10-13 09:00:00,11.640044677748746,7.2
2022-10-13 10:00:00,11.21088783947312,8.3
2022-10-13 11:00:00,10.751165453261674,8.3
2022-10-13 12:00:00,10.43981368894107,7.8
2022-10-13 13:00:00,10.97576353191045,9.0
2022-10-13 14:00:00,11.889693756611608,10.6
2022-10-13 15:00:00,13.846639163074515,11.7
2022-10-13 16:00:00,15.464175030006587,12.8
2022-10-13 17:00:00,15.510204788534201,12.8
2022-10-13 18:00:00,15.832275062559946,14.0
2022-10-13 19:00:00,15.242899048869115,13.3
2022-10-13 20:00:00,15.266760443191002,12.2
2022-10-13 21:00:00,15.381122860909299,11.7
2022-10-13 22:00:00,14.295139714388132,9.0
2022-10-13 23:00:00,12.39968324738254,7.8
2022-10-14 00:00:00,11.229636381092376,6.7
2022-10-14 01:00:00,10.211727563930085,6.7
2022-10-14 02:00:00,8.985034360339922,3.9
2022-10-14 03:00:00,8.00254688922398,1.0
2022-10-14 04:00:00,6.692563288920566,2.0
2022-10-14 05:00:00,6.295468052085013,1.7
2022-10-14 06:00:00,5.435642661672572,1.1
2022-10-14 07:00:00,6.070742978269625,-1.0
2022-10-14 08:00:00,6.804938981908949,1.0
2022-10-14 09:00:00,6.250632150087232,0.6
2022-10-14 10:00:00,6.642299597836727,0.6
2022-10-14 11:00:00,5.929144793551214,1.1
2022-10-14 12:00:00,6.2373923346535545,2.8
2022-10-14 13:00:00,7.252751124744956,5.0
2022-10-14 14:00:00,9.120989618503284,7.8
2022-10-14 15:00:00,10.718129923699925,10.0
2022-10-14 16:00:00,11.968270700581279,11.7
2022-10-14 17:00:00,12.687761879697511,13.0
2022-10-14 18:00:00,13.55587078887298,15.0
2022-10-14 19:00:00,13.29732849752438,15.0
2022-10-14 20:00:00,12.934911919063095,13.9
2022-10-14 21:00:00,12.860348147398385,12.8
2022-10-14 22:00:00,11.245214420665901,11.0
2022-10-14 23:00:00,10.002679086287218,8.9
2022-10-15 00:00:00,8.095504993069902,9.4
2022-10-15 01:00:00,7.184934594523574,10.0
2022-10-15 02:00:00,6.7543124416525435,12.2
2022-10-15 03:00:00,6.572755031397074,12.0
2022-10-15 04:00:00,6.150995618732255,10.6
2022-10-15 05:00:00,6.0177468738598705,8.3
2022-10-15 06:00:00,5.909154154594809,7.8
2022-10-15 07:00:00,5.770202091417821,8.0
2022-10-15 08:00:00,5.282921064064735,6.7
2022-10-15 09:00:00,5.238171491810269,6.7
2022-10-15 10:00:00,5.061096277313392,5.6
2022-10-15 11:00:00,5.100961586024097,4.0
2022-10-15 12:00:00,5.606773231928885,6.0
2022-10-15 13:00:00,6.200218321497442,6.7
2022-10-15 14:00:00,8.08682666258039,8.3
2022-10-15 15:00:00,9.953813600376419,8.3
2022-10-15 16:00:00,11.82553313464147,10.6
2022-10-15 17:00:00,12.640334577972228,11.0
2022-10-15 18:00:00,13.636149310400995,10.0
2022-10-15 19:00:00,13.713430563424465,11.1
2022-10-15 20:00:00,13.463650878389137,11.1
2022-10-15 21:00:00,12.978065217042715,10.0
2022-10-15 22:00:00,11.919944588213747,8.0
2022-10-15 23:00:00,9.912795851808479,6.1
