,config,score
0,"[(2, 1, 2), (0, 1, 2, 24), 'n']",1.082117832572393
1,"[(2, 1, 1), (1, 1, 2, 24), 'n']",1.0859682373658481
2,"[(0, 1, 0), (1, 1, 2, 24), 't']",1.0866086180811896
3,"[(1, 0, 0), (1, 1, 2, 24), 'n']",1.0867552281745385
4,"[(2, 0, 0), (1, 1, 2, 24), 'n']",1.086940139167192
5,"[(0, 1, 0), (1, 1, 2, 24), 'n']",1.0890101124252645
6,"[(1, 1, 1), (0, 1, 1, 24), 't']",1.0907469532171852
7,"[(1, 1, 0), (1, 1, 2, 24), 't']",1.0914722031525776
8,"[(2, 0, 1), (1, 1, 2, 24), 'n']",1.0919815386429084
9,"[(2, 1, 1), (1, 1, 2, 24), 'c']",1.0923157153408976
10,"[(1, 1, 0), (1, 1, 2, 24), 'n']",1.0926376429368507
11,"[(0, 1, 1), (1, 1, 2, 24), 'n']",1.092718220409082
12,"[(0, 1, 0), (1, 1, 2, 24), 'c']",1.0934931972545305
13,"[(2, 1, 0), (1, 1, 2, 24), 'n']",1.0943949317398556
14,"[(1, 0, 1), (1, 1, 2, 24), 'n']",1.0950994261868303
15,"[(2, 1, 0), (1, 1, 2, 24), 't']",1.0951821131175377
16,"[(2, 0, 2), (1, 1, 2, 24), 'n']",1.095596699472283
17,"[(0, 1, 1), (1, 1, 2, 24), 'c']",1.0979401485672435
18,"[(1, 0, 2), (1, 1, 2, 24), 'n']",1.0979602519018388
19,"[(1, 0, 0), (0, 1, 1, 24), 'n']",1.0981618935067798
20,"[(2, 1, 1), (1, 1, 2, 24), 't']",1.0982597977314645
21,"[(1, 1, 1), (1, 1, 2, 24), 'n']",1.0982621620740816
22,"[(1, 0, 0), (1, 1, 2, 24), 'c']",1.0986727409070172
23,"[(2, 0, 0), (1, 1, 2, 24), 'c']",1.0988959808620624
24,"[(1, 1, 2), (1, 1, 2, 24), 't']",1.0989947835922096
25,"[(2, 0, 0), (0, 1, 1, 24), 'n']",1.0990414312210068
26,"[(2, 1, 0), (1, 1, 2, 24), 'c']",1.09913749839884
27,"[(0, 1, 1), (0, 1, 2, 24), 'n']",1.0996946976747297
28,"[(0, 1, 2), (1, 1, 2, 24), 'n']",1.0998756813481236
29,"[(1, 0, 0), (1, 1, 1, 24), 'n']",1.1022282956688723
30,"[(1, 1, 0), (1, 1, 2, 24), 'c']",1.102252227411903
31,"[(0, 1, 1), (0, 1, 2, 24), 'c']",1.1025914564950303
32,"[(2, 1, 1), (0, 1, 2, 24), 'n']",1.1027248585206229
33,"[(0, 1, 2), (1, 1, 2, 24), 'c']",1.1029231705823634
34,"[(1, 1, 1), (0, 1, 2, 24), 'n']",1.1032063383129005
35,"[(1, 1, 1), (1, 1, 2, 24), 'c']",1.1037903459708793
36,"[(0, 1, 2), (0, 1, 2, 24), 'n']",1.1044361737156165
37,"[(0, 1, 1), (0, 1, 2, 24), 't']",1.1045784775339371
38,"[(2, 0, 1), (1, 1, 2, 24), 't']",1.1046669008683168
39,"[(2, 1, 2), (1, 1, 2, 24), 'n']",1.105176206243323
40,"[(1, 1, 1), (1, 1, 2, 24), 'ct']",1.105553312179009
41,"[(1, 0, 0), (1, 1, 2, 24), 't']",1.105616224144505
42,"[(2, 0, 1), (1, 1, 2, 24), 'c']",1.1056656846750457
43,"[(1, 0, 2), (0, 1, 2, 24), 'n']",1.106271955095142
44,"[(2, 1, 1), (0, 1, 2, 24), 'c']",1.1064528828282827
45,"[(1, 1, 1), (0, 1, 2, 24), 'c']",1.1067883517084482
46,"[(0, 1, 2), (0, 1, 2, 24), 'c']",1.1067979371932097
47,"[(2, 0, 2), (2, 0, 2, 24), 'n']",1.1071385741203579
48,"[(1, 0, 0), (0, 1, 1, 24), 'c']",1.108042025078112
49,"[(1, 1, 1), (1, 1, 2, 24), 't']",1.1080447641122335
50,"[(1, 0, 1), (0, 1, 2, 24), 'n']",1.1086696572703236
51,"[(1, 0, 0), (1, 1, 2, 24), 'ct']",1.1089808772726581
52,"[(2, 0, 0), (0, 1, 1, 24), 'c']",1.1090410181285
53,"[(1, 0, 1), (1, 1, 2, 24), 'c']",1.109158146949534
54,"[(0, 1, 1), (1, 1, 2, 24), 't']",1.1093007838598667
55,"[(0, 1, 1), (0, 1, 2, 24), 'ct']",1.1094886332547116
56,"[(1, 1, 1), (0, 1, 2, 24), 't']",1.1101454786272547
57,"[(2, 1, 1), (0, 1, 2, 24), 't']",1.1102920164982395
58,"[(0, 1, 0), (0, 1, 2, 24), 'n']",1.1105468892247665
59,"[(1, 1, 0), (0, 1, 2, 24), 'n']",1.1107768267936915
60,"[(2, 0, 2), (1, 1, 2, 24), 'c']",1.1107849973993753
61,"[(1, 0, 1), (1, 1, 2, 24), 't']",1.1109621432004224
62,"[(2, 0, 1), (0, 1, 1, 24), 't']",1.111184102198662
63,"[(0, 1, 2), (0, 1, 2, 24), 't']",1.1112998243735683
64,"[(2, 0, 1), (0, 1, 2, 24), 'n']",1.1113175462989158
65,"[(1, 1, 1), (0, 1, 2, 24), 'ct']",1.1119114158417374
66,"[(2, 1, 2), (0, 1, 1, 24), 'n']",1.1121591750205946
67,"[(1, 1, 2), (1, 1, 2, 24), 'ct']",1.112505759447622
68,"[(2, 0, 2), (0, 1, 2, 24), 'n']",1.1126411442747326
69,"[(0, 1, 0), (0, 1, 1, 24), 'n']",1.1126412329574058
70,"[(2, 1, 0), (0, 1, 2, 24), 'n']",1.1140665384476873
71,"[(1, 0, 2), (1, 1, 2, 24), 'c']",1.1143282258290101
72,"[(0, 1, 0), (0, 1, 2, 24), 'c']",1.1145111270292969
73,"[(1, 1, 0), (0, 1, 2, 24), 'c']",1.1146211676789581
74,"[(2, 1, 1), (0, 1, 2, 24), 'ct']",1.1147898294765513
75,"[(1, 1, 0), (1, 1, 2, 24), 'ct']",1.114833803086707
76,"[(2, 0, 2), (0, 1, 1, 24), 'n']",1.1148339719817666
77,"[(2, 0, 1), (0, 1, 1, 24), 'n']",1.115021931071856
78,"[(1, 1, 1), (0, 1, 1, 24), 'n']",1.1154398392787093
79,"[(1, 0, 1), (1, 1, 2, 24), 'ct']",1.1160962762301816
80,"[(2, 0, 0), (1, 1, 2, 24), 't']",1.116581471729413
81,"[(0, 1, 2), (0, 1, 2, 24), 'ct']",1.1165850165139917
82,"[(1, 0, 1), (0, 1, 1, 24), 'n']",1.1171878826294617
83,"[(0, 1, 0), (1, 1, 2, 24), 'ct']",1.1177285621466393
84,"[(2, 1, 0), (0, 1, 2, 24), 'c']",1.1178428506461933
85,"[(0, 1, 0), (1, 1, 1, 24), 'c']",1.1179721674342953
86,"[(1, 0, 0), (0, 1, 2, 24), 'n']",1.118401137885197
87,"[(2, 1, 1), (0, 1, 1, 24), 'n']",1.1192612091420586
88,"[(1, 1, 2), (0, 1, 2, 24), 't']",1.1195956709711539
89,"[(2, 0, 1), (1, 1, 2, 24), 'ct']",1.119908605937664
90,"[(1, 1, 0), (0, 1, 1, 24), 'n']",1.1201709760710719
91,"[(0, 1, 0), (1, 1, 1, 24), 'n']",1.1203143872464612
92,"[(0, 1, 0), (0, 1, 1, 24), 'c']",1.1205584026424553
93,"[(1, 0, 0), (1, 1, 1, 24), 'c']",1.120846432599702
94,"[(2, 1, 2), (0, 1, 2, 24), 'c']",1.121245200326308
95,"[(2, 1, 1), (1, 1, 1, 24), 'n']",1.1212982990924025
96,"[(2, 0, 0), (0, 1, 2, 24), 'n']",1.1213358135662157
97,"[(0, 1, 2), (1, 1, 2, 24), 't']",1.121360692740175
98,"[(2, 0, 1), (0, 1, 1, 24), 'ct']",1.1213987636034455
99,"[(1, 1, 0), (0, 1, 2, 24), 't']",1.1216213304463893
100,"[(2, 1, 0), (0, 1, 2, 24), 't']",1.1219905711680995
101,"[(2, 0, 0), (0, 1, 1, 24), 't']",1.1221818499424765
102,"[(2, 0, 1), (1, 1, 1, 24), 'ct']",1.1231142213044518
103,"[(1, 1, 2), (1, 1, 2, 24), 'n']",1.1236603873990363
104,"[(2, 0, 2), (0, 1, 2, 24), 't']",1.123682473667669
105,"[(2, 0, 1), (0, 1, 1, 24), 'c']",1.1237163008449815
106,"[(1, 0, 2), (0, 1, 2, 24), 'c']",1.124292950812709
107,"[(1, 1, 1), (1, 1, 1, 24), 'n']",1.1244907364545325
108,"[(0, 1, 2), (1, 1, 2, 24), 'ct']",1.124721595963963
109,"[(2, 1, 2), (1, 1, 2, 24), 'c']",1.1247287830324528
110,"[(0, 1, 1), (1, 1, 2, 24), 'ct']",1.1251201418437586
111,"[(1, 0, 0), (0, 1, 1, 24), 't']",1.125414979165082
112,"[(0, 1, 0), (0, 1, 1, 24), 't']",1.1255826315274724
113,"[(1, 0, 2), (1, 1, 1, 24), 'n']",1.1256185164517543
114,"[(1, 0, 1), (0, 1, 1, 24), 'c']",1.1258736364065112
115,"[(1, 0, 1), (0, 1, 2, 24), 'c']",1.1260171240394856
116,"[(0, 1, 1), (0, 1, 1, 24), 'n']",1.1263325464239717
117,"[(0, 1, 0), (0, 1, 1, 24), 'ct']",1.1264858419180546
118,"[(1, 0, 2), (1, 1, 2, 24), 't']",1.1269452305548826
119,"[(2, 1, 0), (1, 1, 2, 24), 'ct']",1.1274658242878008
120,"[(2, 1, 1), (1, 1, 2, 24), 'ct']",1.1278616434415976
121,"[(2, 0, 1), (0, 1, 2, 24), 'c']",1.1279564423119892
122,"[(0, 1, 0), (0, 1, 2, 24), 't']",1.1282012136632307
123,"[(1, 0, 2), (0, 1, 1, 24), 'n']",1.1291311430029347
124,"[(2, 0, 0), (1, 1, 2, 24), 'ct']",1.1300034270174635
125,"[(1, 0, 1), (0, 1, 1, 24), 't']",1.1300144813508943
126,"[(1, 0, 2), (1, 1, 2, 24), 'ct']",1.1306195774010255
127,"[(1, 0, 0), (0, 1, 1, 24), 'ct']",1.1308229137693544
128,"[(1, 0, 2), (0, 1, 2, 24), 't']",1.1310052603622174
129,"[(2, 0, 2), (1, 1, 2, 24), 't']",1.1310761030550207
130,"[(2, 1, 0), (0, 1, 2, 24), 'ct']",1.131199326536145
131,"[(1, 0, 0), (0, 1, 2, 24), 'c']",1.1316551300032867
132,"[(1, 1, 2), (0, 1, 2, 24), 'ct']",1.1316563075215085
133,"[(1, 1, 0), (0, 1, 2, 24), 'ct']",1.1317815709959531
134,"[(1, 1, 0), (2, 1, 2, 24), 'n']",1.1320533422824361
135,"[(2, 1, 2), (1, 1, 1, 24), 'n']",1.1325171304718316
136,"[(1, 0, 0), (1, 1, 1, 24), 'ct']",1.1331166064280964
137,"[(1, 1, 1), (1, 1, 1, 24), 'c']",1.1339664222554564
138,"[(2, 0, 2), (1, 1, 1, 24), 'n']",1.1343026609171338
139,"[(2, 0, 2), (0, 1, 2, 24), 'c']",1.1345196827070254
140,"[(1, 0, 1), (1, 1, 1, 24), 'n']",1.1346738194281116
141,"[(2, 0, 0), (0, 1, 2, 24), 'c']",1.13539988132271
142,"[(2, 1, 0), (0, 1, 1, 24), 't']",1.1355671229364654
143,"[(1, 0, 2), (0, 1, 2, 24), 'ct']",1.136196141575288
144,"[(1, 1, 0), (2, 1, 2, 24), 'c']",1.1362800126147317
145,"[(1, 1, 0), (0, 1, 1, 24), 'c']",1.136401728364961
146,"[(0, 1, 1), (0, 1, 1, 24), 'c']",1.136414359443395
147,"[(1, 0, 1), (0, 1, 2, 24), 't']",1.1364383794070614
148,"[(2, 0, 1), (1, 1, 1, 24), 't']",1.1369487303132417
149,"[(2, 0, 2), (0, 1, 1, 24), 'c']",1.1370817080139433
150,"[(1, 0, 0), (1, 1, 1, 24), 't']",1.1370887384437387
151,"[(1, 0, 0), (0, 1, 2, 24), 't']",1.137277129714508
152,"[(2, 0, 1), (2, 1, 2, 24), 'n']",1.1377823382232548
153,"[(0, 1, 2), (0, 1, 1, 24), 'n']",1.138369193928936
154,"[(1, 1, 1), (0, 1, 1, 24), 'c']",1.1385234409875125
155,"[(2, 1, 0), (0, 1, 1, 24), 'n']",1.1390744496215819
156,"[(1, 1, 1), (1, 1, 1, 24), 't']",1.1394885255836953
157,"[(1, 1, 0), (0, 1, 1, 24), 't']",1.1395257419330496
158,"[(2, 1, 1), (1, 1, 1, 24), 't']",1.139893501529589
159,"[(1, 0, 1), (0, 1, 2, 24), 'ct']",1.140706108910698
160,"[(1, 1, 0), (1, 1, 1, 24), 'n']",1.140875109077742
161,"[(1, 0, 2), (0, 1, 1, 24), 'c']",1.141041086257286
162,"[(1, 1, 2), (0, 1, 2, 24), 'n']",1.1411549930249292
163,"[(1, 1, 0), (1, 1, 1, 24), 'c']",1.141236335885899
164,"[(1, 0, 1), (1, 1, 1, 24), 'c']",1.1416008236903994
165,"[(2, 0, 2), (1, 1, 1, 24), 'c']",1.1418874465421567
166,"[(0, 1, 1), (1, 1, 1, 24), 't']",1.141986152994213
167,"[(2, 0, 0), (0, 1, 1, 24), 'ct']",1.1421545780013431
168,"[(0, 1, 1), (0, 1, 1, 24), 'ct']",1.1422045184300118
169,"[(2, 0, 0), (1, 1, 1, 24), 'n']",1.142449148760892
170,"[(2, 0, 0), (0, 1, 2, 24), 't']",1.1432952290737362
171,"[(0, 1, 2), (1, 1, 1, 24), 'n']",1.1437848861459705
172,"[(2, 1, 0), (0, 1, 1, 24), 'c']",1.144060843584449
173,"[(0, 1, 1), (0, 1, 1, 24), 't']",1.1440880350167177
174,"[(0, 1, 2), (0, 1, 1, 24), 'c']",1.1443823412033374
175,"[(2, 1, 1), (0, 1, 1, 24), 't']",1.1445611228939736
176,"[(0, 1, 1), (1, 1, 1, 24), 'n']",1.1453008390534811
177,"[(2, 1, 1), (1, 1, 1, 24), 'ct']",1.1462521809646895
178,"[(1, 1, 1), (1, 1, 1, 24), 'ct']",1.1465503930336465
179,"[(1, 0, 2), (1, 1, 1, 24), 'c']",1.1471136066104062
180,"[(2, 1, 1), (0, 1, 1, 24), 'c']",1.147180934792109
181,"[(2, 1, 1), (0, 1, 1, 24), 'ct']",1.1471868775690324
182,"[(2, 0, 1), (1, 1, 1, 24), 'n']",1.1480854056339325
183,"[(2, 1, 2), (0, 1, 1, 24), 'c']",1.1482278350820552
184,"[(1, 1, 0), (1, 1, 1, 24), 'ct']",1.1482842680530634
185,"[(0, 1, 0), (0, 1, 2, 24), 'ct']",1.1487386040819225
186,"[(2, 1, 1), (1, 1, 1, 24), 'c']",1.1487669071176536
187,"[(2, 0, 2), (1, 1, 2, 24), 'ct']",1.149231884309397
188,"[(0, 1, 2), (1, 1, 1, 24), 't']",1.1513309707924213
189,"[(1, 1, 0), (0, 1, 1, 24), 'ct']",1.151533532053225
190,"[(2, 0, 0), (1, 1, 1, 24), 't']",1.1525539879662825
191,"[(2, 1, 0), (1, 1, 1, 24), 'ct']",1.1525584830387778
192,"[(1, 0, 0), (1, 0, 1, 24), 'n']",1.1526738653186792
193,"[(2, 0, 0), (0, 1, 2, 24), 'ct']",1.1529149839032344
194,"[(1, 1, 1), (0, 1, 1, 24), 'ct']",1.1535341109640018
195,"[(1, 0, 1), (0, 1, 1, 24), 'ct']",1.153570269145297
196,"[(2, 0, 0), (1, 1, 1, 24), 'c']",1.1535814363060795
197,"[(0, 1, 0), (1, 1, 1, 24), 'ct']",1.1536232928794214
198,"[(2, 0, 2), (2, 1, 2, 24), 'n']",1.153850046965466
199,"[(1, 0, 2), (2, 1, 2, 24), 'n']",1.1540539047418157
200,"[(0, 1, 2), (0, 1, 1, 24), 't']",1.1543935573287163
201,"[(2, 1, 0), (1, 1, 1, 24), 'c']",1.1546374911720558
202,"[(1, 0, 0), (0, 1, 2, 24), 'ct']",1.1549166854803106
203,"[(1, 0, 1), (2, 1, 2, 24), 'n']",1.1553234075811496
204,"[(1, 0, 2), (0, 1, 1, 24), 't']",1.1555379905833636
205,"[(1, 0, 2), (1, 1, 1, 24), 't']",1.1559458693737361
206,"[(0, 1, 2), (0, 1, 1, 24), 'ct']",1.1563257088392902
207,"[(1, 0, 2), (2, 1, 2, 24), 'c']",1.158225569437894
208,"[(2, 1, 0), (0, 1, 1, 24), 'ct']",1.1590168148527529
209,"[(2, 1, 0), (1, 1, 1, 24), 'n']",1.159017749069608
210,"[(1, 1, 0), (1, 1, 1, 24), 't']",1.1591156097561481
211,"[(2, 1, 0), (1, 1, 1, 24), 't']",1.1598419345958124
212,"[(0, 1, 1), (1, 1, 1, 24), 'c']",1.1602374054287963
213,"[(1, 0, 1), (1, 1, 1, 24), 't']",1.161101870076098
214,"[(1, 1, 2), (1, 1, 2, 24), 'c']",1.1612621649987842
215,"[(1, 0, 1), (1, 0, 1, 24), 'n']",1.1617343722583435
216,"[(1, 1, 2), (0, 1, 2, 24), 'c']",1.161794053915737
217,"[(2, 1, 2), (1, 1, 1, 24), 'c']",1.1619477129063416
218,"[(2, 0, 2), (1, 0, 1, 24), 'n']",1.16222688657463
219,"[(1, 0, 2), (2, 0, 2, 24), 'n']",1.1624551276809412
220,"[(0, 1, 1), (2, 1, 2, 24), 'n']",1.1624810140508168
221,"[(0, 1, 1), (1, 1, 1, 24), 'ct']",1.1629252891599777
222,"[(0, 1, 0), (1, 1, 1, 24), 't']",1.1630116394502168
223,"[(2, 0, 0), (2, 1, 2, 24), 'n']",1.1640260355822674
224,"[(2, 0, 0), (1, 0, 1, 24), 'n']",1.1644858701138512
225,"[(0, 1, 2), (2, 1, 2, 24), 't']",1.16533903556506
226,"[(0, 1, 1), (2, 1, 2, 24), 'c']",1.1655372900102738
227,"[(2, 0, 1), (2, 1, 2, 24), 'c']",1.1656862233809637
228,"[(0, 1, 1), (2, 1, 2, 24), 'ct']",1.1661186576990803
229,"[(2, 0, 1), (1, 1, 1, 24), 'c']",1.167063423104776
230,"[(2, 1, 1), (2, 1, 2, 24), 'n']",1.1694275320878251
231,"[(0, 1, 2), (1, 1, 1, 24), 'ct']",1.16978488013292
232,"[(0, 1, 2), (1, 1, 1, 24), 'c']",1.1700831261884117
233,"[(0, 1, 1), (2, 1, 2, 24), 't']",1.1701429085838362
234,"[(2, 1, 0), (2, 1, 2, 24), 'n']",1.170443268858534
235,"[(0, 1, 0), (2, 1, 2, 24), 'n']",1.170558745455453
236,"[(0, 1, 2), (2, 1, 2, 24), 'n']",1.1706511450407568
237,"[(1, 0, 1), (1, 1, 1, 24), 'ct']",1.1708036246228404
238,"[(1, 1, 1), (2, 1, 2, 24), 'ct']",1.1717631408593874
239,"[(1, 1, 0), (2, 1, 2, 24), 'ct']",1.1742665931593403
240,"[(2, 1, 0), (2, 1, 2, 24), 't']",1.1748012992384262
241,"[(1, 1, 2), (2, 1, 2, 24), 'ct']",1.1749448990926066
242,"[(1, 0, 2), (1, 0, 1, 24), 'n']",1.1750005924841354
243,"[(0, 1, 0), (2, 1, 2, 24), 'c']",1.1750351181582428
244,"[(2, 1, 0), (2, 1, 2, 24), 'c']",1.1750625064995337
245,"[(0, 1, 2), (2, 1, 2, 24), 'c']",1.1751839443174938
246,"[(2, 1, 1), (2, 1, 2, 24), 'c']",1.175205817664203
247,"[(1, 0, 1), (2, 1, 2, 24), 'c']",1.1756173389275741
248,"[(2, 0, 2), (0, 1, 2, 24), 'ct']",1.175791315681685
249,"[(1, 1, 2), (0, 1, 1, 24), 'n']",1.1774399492931056
250,"[(1, 1, 1), (2, 1, 2, 24), 't']",1.1779674204898969
251,"[(0, 1, 0), (2, 1, 2, 24), 't']",1.1781339833203914
252,"[(1, 1, 0), (2, 1, 2, 24), 't']",1.178291584714615
253,"[(2, 1, 1), (2, 1, 2, 24), 't']",1.178298479420243
254,"[(1, 0, 0), (2, 0, 2, 24), 'n']",1.1796821774059985
255,"[(1, 0, 2), (2, 1, 2, 24), 't']",1.1805010693162494
256,"[(2, 0, 0), (2, 1, 2, 24), 'c']",1.1810813362710142
257,"[(1, 0, 2), (2, 1, 2, 24), 'ct']",1.183603938543774
258,"[(2, 0, 2), (2, 1, 2, 24), 'c']",1.1849622209123956
259,"[(2, 1, 0), (2, 1, 2, 24), 'ct']",1.185245862455317
260,"[(1, 0, 2), (0, 1, 1, 24), 'ct']",1.185607481566305
261,"[(2, 1, 1), (2, 1, 2, 24), 'ct']",1.186164836708692
262,"[(0, 1, 0), (2, 1, 2, 24), 'ct']",1.1866826194000517
263,"[(2, 0, 0), (1, 1, 1, 24), 'ct']",1.187159093320864
264,"[(2, 0, 0), (2, 1, 2, 24), 't']",1.1871855534897096
265,"[(1, 1, 2), (1, 1, 1, 24), 'n']",1.1882505734042186
266,"[(0, 1, 2), (2, 1, 2, 24), 'ct']",1.188789412161075
267,"[(1, 0, 0), (2, 1, 2, 24), 'n']",1.1905109283402349
268,"[(1, 1, 1), (2, 1, 2, 24), 'n']",1.1934618789636096
269,"[(1, 0, 1), (2, 1, 2, 24), 'ct']",1.1946240731361837
270,"[(1, 1, 2), (2, 1, 2, 24), 't']",1.195699596744218
271,"[(1, 0, 2), (1, 1, 1, 24), 'ct']",1.1958945907128422
272,"[(2, 1, 2), (2, 1, 2, 24), 'n']",1.1964332320364368
273,"[(1, 1, 2), (1, 1, 1, 24), 'ct']",1.1973969262044135
274,"[(2, 0, 2), (1, 1, 1, 24), 't']",1.198200853590031
275,"[(1, 1, 2), (2, 1, 2, 24), 'n']",1.1987450552728143
276,"[(1, 1, 2), (1, 1, 1, 24), 'c']",1.198823518211064
277,"[(1, 1, 2), (1, 1, 1, 24), 't']",1.1997369483641513
278,"[(2, 0, 2), (2, 1, 2, 24), 'ct']",1.2000000762341594
279,"[(2, 0, 1), (2, 1, 2, 24), 'ct']",1.2012143690132138
280,"[(1, 0, 1), (2, 1, 2, 24), 't']",1.201391569876715
281,"[(1, 0, 0), (2, 1, 2, 24), 'c']",1.2074088470348763
282,"[(2, 0, 2), (0, 1, 1, 24), 'ct']",1.2077223740453134
283,"[(2, 0, 1), (2, 1, 1, 24), 'n']",1.2097118023860212
284,"[(2, 0, 0), (2, 1, 2, 24), 'ct']",1.2097975856122287
285,"[(1, 1, 2), (0, 1, 1, 24), 't']",1.212991382656829
286,"[(2, 0, 0), (2, 1, 1, 24), 'n']",1.2149347093466816
287,"[(1, 0, 0), (2, 1, 1, 24), 'n']",1.2154147693892938
288,"[(2, 0, 2), (2, 1, 1, 24), 'n']",1.2161185939330712
289,"[(1, 0, 2), (2, 1, 1, 24), 'n']",1.2164183881042399
290,"[(1, 0, 1), (2, 1, 1, 24), 'n']",1.2167945188127738
291,"[(2, 0, 2), (2, 1, 2, 24), 't']",1.2168979840321916
292,"[(2, 0, 1), (2, 1, 2, 24), 't']",1.2198609528660933
293,"[(1, 1, 1), (2, 1, 2, 24), 'c']",1.2203229248053895
294,"[(1, 0, 0), (2, 1, 2, 24), 't']",1.222102388374275
295,"[(1, 0, 0), (2, 1, 2, 24), 'ct']",1.2228224174631988
296,"[(2, 1, 2), (2, 1, 2, 24), 'c']",1.2242744970282133
297,"[(2, 0, 2), (0, 1, 1, 24), 't']",1.2269466650006542
298,"[(1, 0, 0), (2, 1, 1, 24), 'c']",1.2281515753111656
299,"[(2, 0, 1), (2, 1, 1, 24), 'c']",1.2285604255037659
300,"[(2, 0, 2), (0, 0, 1, 24), 'c']",1.2290293810206543
301,"[(2, 0, 0), (2, 1, 1, 24), 'c']",1.2292931564415475
302,"[(1, 1, 2), (0, 1, 1, 24), 'ct']",1.229542556732078
303,"[(1, 1, 2), (2, 1, 2, 24), 'c']",1.229882215187474
304,"[(1, 0, 1), (2, 1, 1, 24), 'c']",1.230000673511473
305,"[(1, 0, 2), (2, 1, 1, 24), 'c']",1.2302203601148514
306,"[(2, 0, 2), (2, 1, 1, 24), 'c']",1.233810269135189
307,"[(1, 1, 2), (0, 1, 1, 24), 'c']",1.2361560117971526
308,"[(1, 0, 0), (2, 1, 1, 24), 'ct']",1.2384126059526988
309,"[(1, 1, 1), (2, 1, 1, 24), 't']",1.2404465177492439
310,"[(0, 1, 1), (2, 1, 1, 24), 'n']",1.2407066579685686
311,"[(2, 1, 0), (2, 1, 1, 24), 'n']",1.2420446536726957
312,"[(1, 0, 2), (2, 1, 1, 24), 't']",1.2428086012978883
313,"[(0, 1, 2), (2, 1, 1, 24), 'n']",1.244326365400116
314,"[(2, 0, 2), (1, 1, 1, 24), 'ct']",1.2449358781398614
315,"[(1, 1, 0), (2, 1, 1, 24), 'n']",1.2452468247964872
316,"[(0, 1, 1), (2, 1, 1, 24), 'c']",1.24576184551216
317,"[(1, 1, 2), (2, 1, 1, 24), 't']",1.246606615850149
318,"[(2, 1, 0), (2, 1, 1, 24), 'c']",1.2466306529902436
319,"[(2, 1, 1), (2, 1, 1, 24), 't']",1.2483661369366879
320,"[(1, 0, 1), (2, 1, 1, 24), 't']",1.248614886195505
321,"[(1, 1, 0), (2, 1, 1, 24), 'c']",1.2494121412360821
322,"[(0, 1, 2), (2, 1, 1, 24), 'c']",1.2494285411777144
323,"[(1, 0, 0), (2, 1, 1, 24), 't']",1.2496363196724585
324,"[(2, 1, 1), (2, 1, 1, 24), 'n']",1.2505716306620367
325,"[(0, 1, 1), (2, 1, 1, 24), 'ct']",1.2512776513934243
326,"[(0, 1, 0), (2, 1, 1, 24), 'n']",1.2515143741154338
327,"[(0, 1, 1), (2, 1, 1, 24), 't']",1.2519140381288094
328,"[(2, 1, 0), (2, 1, 1, 24), 't']",1.2519634180662418
329,"[(2, 0, 1), (2, 1, 1, 24), 'ct']",1.2526448956325689
330,"[(1, 0, 2), (2, 1, 1, 24), 'ct']",1.2529638120602953
331,"[(2, 1, 1), (2, 1, 1, 24), 'ct']",1.2532265802193865
332,"[(1, 1, 0), (2, 1, 1, 24), 't']",1.253432683797414
333,"[(1, 0, 1), (2, 1, 1, 24), 'ct']",1.2537764851941577
334,"[(1, 1, 2), (2, 1, 1, 24), 'ct']",1.2541077499840805
335,"[(0, 1, 0), (2, 1, 1, 24), 'c']",1.2568176090208305
336,"[(1, 1, 1), (2, 1, 1, 24), 'n']",1.2581304928073054
337,"[(2, 1, 1), (2, 1, 1, 24), 'c']",1.2584814806787379
338,"[(2, 1, 0), (2, 1, 1, 24), 'ct']",1.2586663212036344
339,"[(1, 1, 0), (2, 1, 1, 24), 'ct']",1.2610284343924523
340,"[(0, 1, 0), (2, 1, 1, 24), 't']",1.2611936498964793
341,"[(0, 1, 0), (2, 1, 1, 24), 'ct']",1.261673702837123
342,"[(2, 0, 0), (2, 0, 2, 24), 'n']",1.2624955217574894
343,"[(0, 1, 2), (2, 1, 1, 24), 'ct']",1.2638006011468985
344,"[(0, 1, 2), (2, 1, 1, 24), 't']",1.2641826848602573
345,"[(1, 0, 1), (2, 0, 2, 24), 'n']",1.2650601134821948
346,"[(1, 1, 2), (2, 1, 1, 24), 'n']",1.2656364649004166
347,"[(1, 1, 1), (2, 1, 1, 24), 'ct']",1.2663415149397588
348,"[(2, 1, 2), (2, 1, 1, 24), 'n']",1.2671996348560548
349,"[(2, 0, 0), (2, 1, 1, 24), 't']",1.2689809793452624
350,"[(2, 0, 0), (2, 1, 1, 24), 'ct']",1.2703311755329785
351,"[(2, 0, 2), (0, 0, 0, 24), 'c']",1.270957759919431
352,"[(1, 1, 1), (2, 1, 1, 24), 'c']",1.273942084026944
353,"[(1, 0, 0), (1, 0, 2, 24), 'n']",1.2747541184625024
354,"[(2, 1, 2), (2, 1, 1, 24), 'c']",1.2761751565603996
355,"[(0, 1, 1), (2, 0, 2, 24), 't']",1.2789111819523844
356,"[(2, 0, 1), (2, 0, 2, 24), 'n']",1.2794920341736002
357,"[(0, 1, 0), (2, 0, 2, 24), 't']",1.2841175053366936
358,"[(2, 0, 2), (2, 1, 1, 24), 't']",1.2859589086932532
359,"[(2, 1, 0), (2, 0, 2, 24), 't']",1.2873683576305304
360,"[(2, 0, 0), (1, 0, 2, 24), 'n']",1.2912386497954615
361,"[(0, 1, 1), (2, 0, 2, 24), 'ct']",1.291249755851233
362,"[(1, 1, 0), (2, 0, 2, 24), 'ct']",1.2916869600241239
363,"[(1, 1, 2), (2, 1, 1, 24), 'c']",1.2943665956741883
364,"[(1, 1, 0), (2, 0, 2, 24), 't']",1.2978552517721247
365,"[(0, 1, 2), (2, 0, 2, 24), 't']",1.2985304850063568
366,"[(0, 1, 0), (2, 0, 2, 24), 'ct']",1.3003341263204042
367,"[(0, 1, 0), (2, 0, 2, 24), 'n']",1.3003682920504134
368,"[(2, 0, 1), (0, 0, 0, 24), 'c']",1.3018540252328488
369,"[(2, 1, 0), (2, 0, 2, 24), 'ct']",1.3022293565888605
370,"[(1, 0, 2), (1, 0, 2, 24), 'n']",1.3023104748445367
371,"[(1, 0, 1), (1, 0, 2, 24), 'n']",1.3047470321897858
372,"[(1, 1, 0), (2, 0, 2, 24), 'n']",1.3048095372407706
373,"[(1, 1, 1), (2, 0, 2, 24), 'n']",1.3061684605019597
374,"[(0, 1, 0), (1, 0, 1, 24), 'n']",1.3066704818194894
375,"[(0, 1, 0), (2, 0, 2, 24), 'c']",1.3079743700092417
376,"[(1, 0, 0), (1, 0, 1, 24), 'c']",1.3088670843805996
377,"[(1, 0, 1), (1, 0, 1, 24), 'c']",1.309201973855594
378,"[(1, 1, 0), (2, 0, 2, 24), 'c']",1.309899068130985
379,"[(2, 0, 0), (1, 0, 1, 24), 'c']",1.3100578305276107
380,"[(0, 1, 0), (1, 0, 1, 24), 'c']",1.313267306868088
381,"[(2, 1, 1), (2, 0, 2, 24), 'n']",1.3151706663123734
382,"[(0, 1, 2), (2, 0, 2, 24), 'ct']",1.3151780061330824
383,"[(1, 1, 0), (1, 0, 1, 24), 'n']",1.3162261044503845
384,"[(1, 1, 0), (1, 0, 1, 24), 'c']",1.3179130436867308
385,"[(1, 1, 0), (1, 0, 1, 24), 't']",1.318396783943306
386,"[(0, 1, 0), (1, 0, 2, 24), 'n']",1.3185676573510359
387,"[(2, 0, 2), (2, 1, 1, 24), 'ct']",1.3191415902229182
388,"[(0, 1, 1), (1, 0, 2, 24), 'n']",1.3215786654015311
389,"[(2, 1, 0), (1, 0, 2, 24), 'n']",1.3216677944607818
390,"[(0, 1, 0), (2, 0, 1, 24), 'n']",1.322535518454254
391,"[(0, 1, 1), (1, 0, 2, 24), 't']",1.3225599011577522
392,"[(0, 1, 1), (1, 0, 1, 24), 'n']",1.3246194909035194
393,"[(0, 1, 1), (1, 0, 2, 24), 'c']",1.324806507067331
394,"[(2, 0, 1), (1, 0, 0, 24), 'c']",1.3255268269355251
395,"[(1, 1, 0), (1, 0, 2, 24), 'n']",1.3259015357021382
396,"[(0, 1, 0), (1, 0, 2, 24), 'c']",1.3259949498333365
397,"[(2, 0, 1), (0, 0, 1, 24), 'c']",1.3264468228113429
398,"[(0, 1, 2), (1, 0, 2, 24), 'n']",1.326531981867843
399,"[(1, 0, 0), (2, 0, 2, 24), 'c']",1.3269781821800761
400,"[(1, 1, 2), (1, 0, 2, 24), 'n']",1.328288565893278
401,"[(2, 1, 0), (2, 0, 2, 24), 'n']",1.3289598012711927
402,"[(2, 1, 1), (2, 0, 2, 24), 't']",1.3290317798579896
403,"[(2, 1, 0), (1, 0, 2, 24), 'c']",1.3292463095259872
404,"[(0, 1, 0), (1, 0, 2, 24), 't']",1.329435623728077
405,"[(0, 1, 2), (1, 0, 2, 24), 'c']",1.329549104904767
406,"[(2, 0, 1), (1, 0, 1, 24), 'c']",1.3299842399493427
407,"[(2, 0, 1), (0, 1, 2, 24), 't']",1.3308623393393926
408,"[(2, 1, 1), (1, 0, 1, 24), 'c']",1.3317414527924716
409,"[(0, 1, 1), (1, 0, 1, 24), 'c']",1.3320648172528298
410,"[(2, 1, 2), (2, 0, 2, 24), 'n']",1.3326264263459315
411,"[(0, 1, 2), (2, 0, 2, 24), 'n']",1.332948809618464
412,"[(1, 1, 0), (1, 0, 2, 24), 'c']",1.3333479910789225
413,"[(0, 1, 0), (1, 0, 1, 24), 'ct']",1.3335393188503797
414,"[(2, 1, 0), (2, 0, 2, 24), 'c']",1.3340161688540855
415,"[(0, 1, 0), (1, 0, 1, 24), 't']",1.334726197641731
416,"[(0, 1, 1), (2, 0, 2, 24), 'n']",1.335395704539441
417,"[(2, 0, 2), (1, 0, 2, 24), 'n']",1.3365049739141832
418,"[(0, 1, 2), (2, 0, 2, 24), 'c']",1.3371423919294292
419,"[(2, 1, 0), (1, 0, 2, 24), 'ct']",1.337173474721112
420,"[(1, 1, 1), (1, 0, 1, 24), 'n']",1.3378556568653543
421,"[(1, 0, 0), (2, 0, 2, 24), 't']",1.3378619895578825
422,"[(0, 1, 1), (2, 0, 2, 24), 'c']",1.34047353249779
423,"[(2, 1, 0), (1, 0, 2, 24), 't']",1.3414005750080977
424,"[(2, 1, 1), (1, 0, 1, 24), 'n']",1.342835237832661
425,"[(1, 0, 2), (2, 0, 2, 24), 'c']",1.3433014795791676
426,"[(0, 1, 2), (1, 0, 2, 24), 't']",1.3435269741621831
427,"[(0, 1, 0), (1, 0, 2, 24), 'ct']",1.3441640609879943
428,"[(1, 0, 0), (2, 0, 1, 24), 'n']",1.3444936852225728
429,"[(1, 0, 2), (2, 1, 0, 24), 'n']",1.3447388775297924
430,"[(1, 0, 1), (1, 0, 2, 24), 'c']",1.344808989246075
431,"[(1, 0, 0), (2, 1, 0, 24), 'n']",1.3450398237133516
432,"[(0, 1, 1), (1, 0, 2, 24), 'ct']",1.345080887748738
433,"[(1, 1, 0), (1, 0, 2, 24), 't']",1.3452555821387777
434,"[(1, 0, 1), (2, 1, 0, 24), 'n']",1.3459090240366596
435,"[(1, 0, 2), (2, 0, 1, 24), 'n']",1.345996701080523
436,"[(1, 1, 0), (2, 0, 1, 24), 'n']",1.346109910383801
437,"[(1, 1, 0), (2, 0, 1, 24), 't']",1.3467355646125354
438,"[(0, 1, 2), (2, 0, 1, 24), 'n']",1.3476960985021633
439,"[(2, 0, 2), (1, 0, 0, 24), 'c']",1.348495737947066
440,"[(1, 0, 1), (2, 0, 2, 24), 't']",1.3491818140718612
441,"[(0, 1, 2), (1, 0, 1, 24), 'n']",1.349314966280715
442,"[(1, 0, 2), (1, 0, 1, 24), 'c']",1.3495123888411595
443,"[(0, 1, 1), (2, 0, 1, 24), 't']",1.3501751621232831
444,"[(0, 1, 2), (2, 0, 1, 24), 'ct']",1.3507105819840652
445,"[(1, 0, 2), (1, 0, 2, 24), 'c']",1.350956887567891
446,"[(2, 0, 0), (2, 0, 2, 24), 't']",1.3511857373357496
447,"[(0, 1, 1), (1, 0, 1, 24), 't']",1.351849662711635
448,"[(1, 1, 2), (2, 0, 2, 24), 't']",1.3518503908669215
449,"[(1, 1, 2), (1, 0, 2, 24), 't']",1.3521116715606822
450,"[(1, 1, 0), (1, 0, 2, 24), 'ct']",1.3521415564969372
451,"[(2, 1, 2), (1, 0, 2, 24), 'n']",1.3522138923354905
452,"[(1, 0, 2), (2, 0, 2, 24), 't']",1.3527773656538649
453,"[(0, 1, 2), (1, 0, 1, 24), 'c']",1.352977719678811
454,"[(2, 0, 1), (2, 1, 1, 24), 't']",1.3532124325410433
455,"[(2, 0, 2), (2, 0, 1, 24), 'c']",1.3542400673395003
456,"[(0, 1, 1), (2, 0, 1, 24), 'n']",1.354331861645259
457,"[(2, 0, 1), (0, 1, 2, 24), 'ct']",1.3545580299544067
458,"[(1, 0, 0), (1, 0, 2, 24), 'c']",1.3550269753454918
459,"[(1, 1, 0), (1, 0, 1, 24), 'ct']",1.3551414753458764
460,"[(0, 1, 2), (2, 0, 1, 24), 'c']",1.355152861754124
461,"[(0, 1, 0), (2, 0, 1, 24), 't']",1.3554018670296322
462,"[(1, 0, 0), (2, 1, 0, 24), 'c']",1.3557118195397755
463,"[(1, 0, 2), (2, 1, 0, 24), 'c']",1.3563976763427348
464,"[(2, 0, 0), (1, 0, 2, 24), 'c']",1.3566084191301087
465,"[(1, 1, 2), (2, 0, 2, 24), 'n']",1.3567370943262638
466,"[(1, 0, 1), (2, 1, 0, 24), 'c']",1.3567662253374269
467,"[(2, 1, 0), (1, 0, 1, 24), 'n']",1.3572874113877973
468,"[(1, 0, 1), (2, 0, 1, 24), 'n']",1.3573757755273321
469,"[(0, 1, 2), (2, 0, 1, 24), 't']",1.3581926944438787
470,"[(2, 1, 1), (2, 0, 2, 24), 'c']",1.358372417680487
471,"[(0, 1, 2), (1, 0, 2, 24), 'ct']",1.3586416599874054
472,"[(2, 1, 0), (2, 0, 1, 24), 'n']",1.3592001903016917
473,"[(0, 1, 0), (2, 0, 1, 24), 'c']",1.3600293684410492
474,"[(2, 0, 1), (1, 0, 2, 24), 'n']",1.3605974426889627
475,"[(1, 1, 2), (1, 0, 1, 24), 'n']",1.3606090281813459
476,"[(2, 1, 0), (1, 0, 1, 24), 'c']",1.3609917068706923
477,"[(2, 0, 0), (2, 0, 1, 24), 'n']",1.3610312708814114
478,"[(0, 1, 1), (2, 0, 1, 24), 'c']",1.361902078986436
479,"[(1, 0, 2), (1, 0, 1, 24), 't']",1.3619282301416502
480,"[(2, 1, 1), (2, 0, 1, 24), 'n']",1.3622621709598524
481,"[(1, 1, 2), (1, 0, 1, 24), 'c']",1.3624367223039373
482,"[(0, 1, 0), (2, 0, 1, 24), 'ct']",1.3624481106364437
483,"[(2, 1, 0), (2, 0, 1, 24), 'c']",1.3625717085980216
484,"[(1, 1, 1), (2, 0, 2, 24), 'c']",1.363365169191206
485,"[(0, 1, 2), (1, 0, 1, 24), 'ct']",1.364364595780336
486,"[(1, 0, 2), (2, 0, 1, 24), 'c']",1.3651038210433541
487,"[(2, 0, 1), (1, 0, 1, 24), 'n']",1.3656199788257872
488,"[(0, 1, 2), (1, 0, 1, 24), 't']",1.366861675993279
489,"[(1, 1, 1), (1, 0, 1, 24), 'c']",1.3671936201676789
490,"[(1, 1, 2), (2, 0, 1, 24), 'n']",1.3674087268318367
491,"[(2, 1, 1), (1, 0, 2, 24), 'n']",1.3677421666840348
492,"[(2, 0, 2), (1, 0, 1, 24), 'c']",1.3681882227241122
493,"[(1, 1, 2), (2, 0, 2, 24), 'ct']",1.3683000045485532
494,"[(1, 1, 1), (1, 0, 2, 24), 'n']",1.3685640401844419
495,"[(1, 0, 0), (2, 1, 0, 24), 't']",1.3693400777883342
496,"[(1, 1, 1), (2, 0, 2, 24), 't']",1.3696487882058777
497,"[(1, 0, 2), (2, 1, 0, 24), 't']",1.3703616149372524
498,"[(1, 0, 1), (2, 1, 0, 24), 't']",1.3707251042682467
499,"[(1, 1, 1), (1, 0, 2, 24), 't']",1.3716059633615345
500,"[(2, 1, 2), (2, 0, 1, 24), 'n']",1.3729877891244426
501,"[(2, 0, 0), (2, 0, 2, 24), 'c']",1.3735503757568919
502,"[(0, 1, 0), (2, 1, 0, 24), 'n']",1.373583740136738
503,"[(2, 0, 1), (2, 0, 1, 24), 'n']",1.3741424774095299
504,"[(0, 1, 1), (2, 1, 0, 24), 'n']",1.3746620870017177
505,"[(1, 0, 1), (2, 0, 2, 24), 'c']",1.3751512541713236
506,"[(1, 0, 0), (2, 0, 1, 24), 'c']",1.3752504788339113
507,"[(2, 0, 0), (2, 1, 0, 24), 'n']",1.3758594942471556
508,"[(1, 0, 2), (2, 0, 1, 24), 't']",1.3761085429605737
509,"[(1, 1, 2), (1, 0, 2, 24), 'c']",1.3765755097215775
510,"[(2, 0, 1), (2, 1, 0, 24), 'n']",1.3768026978464045
511,"[(0, 1, 2), (2, 1, 0, 24), 'n']",1.3770203851054263
512,"[(1, 0, 1), (2, 0, 1, 24), 'c']",1.3770602849366584
513,"[(0, 1, 0), (2, 1, 0, 24), 'c']",1.3774455632822795
514,"[(1, 1, 2), (1, 0, 1, 24), 't']",1.377948822112356
515,"[(0, 1, 1), (2, 1, 0, 24), 'c']",1.3784833468475284
516,"[(2, 1, 0), (2, 0, 1, 24), 't']",1.3790162688395466
517,"[(0, 1, 1), (1, 0, 1, 24), 'ct']",1.3791288637583359
518,"[(1, 0, 1), (1, 0, 2, 24), 't']",1.379693360828798
519,"[(0, 1, 2), (2, 1, 0, 24), 'c']",1.380840791209492
520,"[(1, 0, 2), (1, 0, 2, 24), 't']",1.3809440971574165
521,"[(0, 1, 0), (2, 1, 0, 24), 't']",1.38136446487048
522,"[(0, 1, 1), (2, 1, 0, 24), 'ct']",1.3816795771292791
523,"[(0, 1, 0), (2, 1, 0, 24), 'ct']",1.381804555574871
524,"[(1, 1, 2), (1, 0, 2, 24), 'ct']",1.38201962277228
525,"[(0, 1, 2), (2, 1, 0, 24), 't']",1.382501764047494
526,"[(0, 1, 1), (2, 1, 0, 24), 't']",1.3831990704331196
527,"[(2, 1, 0), (1, 0, 1, 24), 't']",1.383700411819557
528,"[(1, 1, 1), (2, 0, 1, 24), 'n']",1.3853660671803738
529,"[(2, 0, 2), (2, 0, 1, 24), 'n']",1.385381113040405
530,"[(0, 1, 2), (2, 1, 0, 24), 'ct']",1.3855628797753912
531,"[(2, 0, 0), (2, 0, 1, 24), 'c']",1.3856365143756761
532,"[(1, 1, 0), (2, 0, 1, 24), 'c']",1.3868486980423833
533,"[(0, 0, 2), (2, 1, 1, 24), 'n']",1.3879582819239382
534,"[(2, 0, 2), (2, 1, 0, 24), 'n']",1.38798308959032
535,"[(1, 0, 0), (2, 0, 1, 24), 't']",1.3880490920291233
536,"[(1, 0, 2), (2, 1, 0, 24), 'ct']",1.3889834505192336
537,"[(1, 1, 1), (2, 0, 2, 24), 'ct']",1.3893790535159372
538,"[(1, 0, 1), (2, 1, 0, 24), 'ct']",1.3905481548916807
539,"[(2, 1, 0), (1, 0, 1, 24), 'ct']",1.3907011939650016
540,"[(2, 0, 0), (2, 1, 0, 24), 'c']",1.39084523451542
541,"[(1, 1, 0), (2, 0, 1, 24), 'ct']",1.39093254022532
542,"[(2, 0, 1), (2, 1, 0, 24), 'c']",1.3916537880412176
543,"[(2, 1, 2), (2, 1, 0, 24), 'c']",1.3922937753616966
544,"[(2, 1, 2), (1, 0, 2, 24), 'c']",1.3924788260186474
545,"[(1, 0, 0), (2, 1, 0, 24), 'ct']",1.3927901110415137
546,"[(1, 1, 2), (2, 0, 1, 24), 'c']",1.3943426268263348
547,"[(1, 1, 1), (2, 0, 1, 24), 'c']",1.3943718062520931
548,"[(2, 0, 0), (2, 0, 1, 24), 't']",1.396300597472515
549,"[(2, 1, 2), (2, 0, 2, 24), 'c']",1.3976271546865573
550,"[(2, 1, 2), (0, 0, 1, 24), 'n']",1.399877614989831
551,"[(2, 0, 1), (2, 0, 1, 24), 'c']",1.3999973052447265
552,"[(2, 1, 2), (2, 0, 2, 24), 'ct']",1.400015242543243
553,"[(2, 0, 0), (2, 1, 0, 24), 't']",1.401398056656543
554,"[(2, 1, 1), (2, 0, 1, 24), 'c']",1.4019996046133791
555,"[(2, 0, 1), (2, 1, 0, 24), 't']",1.4020034954421678
556,"[(1, 0, 0), (1, 0, 2, 24), 't']",1.4025693841545106
557,"[(1, 1, 1), (1, 0, 2, 24), 'c']",1.4026686391782643
558,"[(1, 1, 0), (2, 1, 0, 24), 'n']",1.4033747290089524
559,"[(2, 1, 2), (2, 0, 2, 24), 't']",1.4045695880086262
560,"[(2, 0, 2), (2, 0, 2, 24), 't']",1.4051222090091333
561,"[(2, 1, 0), (2, 0, 1, 24), 'ct']",1.4051537812733468
562,"[(1, 1, 0), (2, 1, 0, 24), 'c']",1.405692191673867
563,"[(1, 1, 2), (2, 0, 2, 24), 'c']",1.40625245240825
564,"[(1, 1, 1), (2, 1, 0, 24), 't']",1.4064703684937059
565,"[(2, 1, 1), (2, 1, 0, 24), 'n']",1.4067482297305356
566,"[(2, 1, 0), (2, 1, 0, 24), 'n']",1.4079023070580823
567,"[(2, 0, 2), (2, 1, 0, 24), 'c']",1.4084843048100057
568,"[(2, 1, 1), (2, 1, 0, 24), 'c']",1.4092359974670425
569,"[(1, 1, 0), (2, 1, 0, 24), 't']",1.4101312433241158
570,"[(2, 1, 0), (2, 1, 0, 24), 'c']",1.4103873046824087
571,"[(2, 0, 1), (2, 0, 2, 24), 'c']",1.4104585536000822
572,"[(1, 1, 1), (2, 1, 0, 24), 'ct']",1.4111732956592842
573,"[(2, 1, 1), (2, 1, 0, 24), 't']",1.4118662993690856
574,"[(1, 1, 0), (2, 1, 0, 24), 'ct']",1.412916096282517
575,"[(1, 0, 0), (1, 0, 1, 24), 't']",1.4130355662445773
576,"[(0, 0, 2), (2, 1, 2, 24), 'n']",1.413062495685299
577,"[(2, 1, 1), (2, 0, 2, 24), 'ct']",1.4145929313885162
578,"[(2, 1, 1), (1, 0, 2, 24), 'c']",1.4150631966492886
579,"[(2, 1, 0), (2, 1, 0, 24), 't']",1.415223582318812
580,"[(2, 0, 1), (2, 1, 0, 24), 'ct']",1.4167180062587075
581,"[(1, 1, 2), (2, 1, 0, 24), 'ct']",1.4176504568151747
582,"[(0, 0, 2), (2, 1, 1, 24), 'c']",1.4189180490923674
583,"[(0, 1, 1), (2, 0, 1, 24), 'ct']",1.4194773291333815
584,"[(2, 0, 0), (2, 1, 0, 24), 'ct']",1.421923261440731
585,"[(2, 0, 0), (1, 0, 2, 24), 't']",1.425298430893257
586,"[(2, 0, 2), (2, 1, 0, 24), 't']",1.4270243318959661
587,"[(1, 1, 1), (2, 0, 1, 24), 't']",1.4273183494333532
588,"[(2, 1, 0), (2, 1, 0, 24), 'ct']",1.4275352377367585
589,"[(2, 1, 1), (2, 1, 0, 24), 'ct']",1.4298460337471715
590,"[(1, 1, 2), (2, 1, 0, 24), 't']",1.4306224007300783
591,"[(2, 1, 2), (0, 0, 1, 24), 'c']",1.4330252015010756
592,"[(2, 1, 2), (2, 1, 1, 24), 't']",1.4356101037339277
593,"[(2, 0, 2), (2, 1, 0, 24), 'ct']",1.4365124958673583
594,"[(1, 1, 2), (2, 1, 0, 24), 'n']",1.4373201537542784
595,"[(0, 0, 2), (2, 1, 1, 24), 'ct']",1.439125244955087
596,"[(0, 0, 1), (2, 1, 1, 24), 'n']",1.4406981035278663
597,"[(0, 0, 1), (2, 1, 1, 24), 'c']",1.4408506522453124
598,"[(2, 0, 2), (0, 0, 0, 24), 't']",1.441732518690729
599,"[(2, 1, 2), (2, 0, 1, 24), 'c']",1.4425966374216863
600,"[(2, 1, 2), (1, 0, 2, 24), 't']",1.4437110997623983
601,"[(1, 0, 1), (2, 0, 1, 24), 't']",1.4459435312787832
602,"[(0, 0, 2), (2, 0, 2, 24), 'n']",1.4459985745752872
603,"[(0, 0, 1), (2, 1, 2, 24), 'n']",1.4460466721416416
604,"[(0, 0, 1), (2, 1, 1, 24), 'ct']",1.4476315699621332
605,"[(2, 0, 0), (1, 0, 1, 24), 't']",1.44789240420252
606,"[(1, 1, 1), (2, 1, 0, 24), 'c']",1.447929925581269
607,"[(2, 1, 2), (2, 1, 0, 24), 'n']",1.4481138677450092
608,"[(2, 1, 2), (2, 1, 1, 24), 'ct']",1.4493599628088858
609,"[(2, 1, 2), (2, 0, 1, 24), 't']",1.450378553472133
610,"[(0, 0, 2), (2, 1, 1, 24), 't']",1.4521177815989539
611,"[(2, 1, 1), (1, 0, 2, 24), 't']",1.4532303496984635
612,"[(2, 0, 2), (0, 0, 1, 24), 't']",1.4535782569549935
613,"[(2, 0, 1), (1, 0, 1, 24), 't']",1.4537339538009568
614,"[(1, 1, 1), (2, 1, 0, 24), 'n']",1.456166765062964
615,"[(1, 1, 1), (1, 0, 1, 24), 't']",1.4575216523117482
616,"[(1, 0, 2), (2, 0, 2, 24), 'ct']",1.4600015218175086
617,"[(2, 1, 1), (1, 0, 2, 24), 'ct']",1.4603932014157852
618,"[(2, 1, 2), (0, 0, 0, 24), 'n']",1.460531539152175
619,"[(2, 0, 2), (1, 0, 2, 24), 'c']",1.461656863896659
620,"[(2, 1, 2), (2, 1, 0, 24), 'ct']",1.4634814009738504
621,"[(2, 0, 1), (1, 0, 2, 24), 'c']",1.463924757603706
622,"[(2, 1, 2), (0, 0, 0, 24), 't']",1.4640655264418942
623,"[(2, 1, 2), (0, 0, 0, 24), 'ct']",1.4650280526534145
624,"[(2, 1, 2), (0, 0, 0, 24), 'c']",1.4653334694028652
625,"[(1, 0, 1), (1, 0, 1, 24), 't']",1.466281142640003
626,"[(2, 1, 2), (1, 0, 1, 24), 'n']",1.4690720463157185
627,"[(1, 1, 2), (0, 0, 0, 24), 'n']",1.4706500945712044
628,"[(0, 0, 1), (2, 1, 1, 24), 't']",1.4713690463386484
629,"[(1, 1, 2), (0, 0, 0, 24), 'c']",1.4731895631990246
630,"[(1, 1, 2), (0, 0, 0, 24), 't']",1.4737660275677844
631,"[(2, 0, 1), (2, 0, 0, 24), 'c']",1.4740626534102477
632,"[(2, 0, 2), (0, 0, 0, 24), 'n']",1.474348806973777
633,"[(2, 0, 2), (0, 0, 1, 24), 'n']",1.4744658729891076
634,"[(2, 0, 1), (0, 0, 0, 24), 't']",1.4750818300014594
635,"[(1, 1, 2), (0, 0, 1, 24), 'n']",1.47662595335922
636,"[(2, 0, 2), (1, 0, 0, 24), 't']",1.4769268979874002
637,"[(2, 1, 1), (2, 0, 1, 24), 't']",1.4770413668543163
638,"[(0, 0, 1), (2, 1, 2, 24), 'c']",1.4772996704689283
639,"[(2, 0, 1), (1, 0, 1, 24), 'ct']",1.4787089588365094
640,"[(2, 1, 2), (0, 0, 1, 24), 'ct']",1.4790317765091263
641,"[(2, 1, 2), (1, 0, 2, 24), 'ct']",1.4793998526100007
642,"[(0, 0, 2), (2, 1, 0, 24), 'n']",1.4795950718605446
643,"[(1, 1, 2), (0, 0, 1, 24), 'c']",1.4797208473172774
644,"[(2, 1, 1), (1, 0, 1, 24), 'ct']",1.4805281732305633
645,"[(2, 1, 2), (2, 1, 0, 24), 't']",1.4805428246009222
646,"[(0, 0, 2), (2, 1, 2, 24), 'c']",1.4810069434077386
647,"[(1, 1, 2), (0, 0, 0, 24), 'ct']",1.481579572024466
648,"[(2, 1, 2), (0, 0, 1, 24), 't']",1.482118980999319
649,"[(1, 1, 1), (1, 0, 1, 24), 'ct']",1.4821850720818293
650,"[(1, 0, 0), (2, 0, 2, 24), 'ct']",1.4830743924581427
651,"[(2, 1, 2), (2, 1, 2, 24), 'ct']",1.4842628358496772
652,"[(2, 1, 1), (0, 0, 1, 24), 'n']",1.4849507920366314
653,"[(1, 1, 2), (0, 0, 1, 24), 't']",1.485205864202904
654,"[(2, 0, 2), (1, 0, 1, 24), 't']",1.4852142008469653
655,"[(0, 0, 2), (2, 1, 2, 24), 'ct']",1.487196368688698
656,"[(1, 1, 2), (0, 0, 1, 24), 'ct']",1.487653962438494
657,"[(2, 1, 1), (0, 0, 1, 24), 'c']",1.487835142522116
658,"[(2, 0, 2), (2, 0, 0, 24), 'c']",1.4883001286908366
659,"[(2, 1, 1), (0, 0, 1, 24), 't']",1.4888304985512673
660,"[(1, 1, 1), (0, 0, 0, 24), 'n']",1.4907557258865536
661,"[(2, 1, 1), (0, 0, 0, 24), 'ct']",1.492305177315112
662,"[(2, 1, 2), (1, 0, 0, 24), 't']",1.4926338288212364
663,"[(2, 1, 1), (0, 0, 0, 24), 't']",1.4927074207158202
664,"[(1, 1, 1), (0, 0, 0, 24), 'c']",1.4928060438279382
665,"[(2, 1, 1), (0, 0, 0, 24), 'n']",1.4931330251070758
666,"[(2, 1, 1), (1, 0, 1, 24), 't']",1.4941552447793147
667,"[(1, 1, 2), (2, 1, 0, 24), 'c']",1.4944410435881634
668,"[(2, 1, 2), (1, 0, 0, 24), 'n']",1.4965328514499425
669,"[(0, 0, 1), (2, 1, 2, 24), 't']",1.4973092443498723
670,"[(2, 1, 1), (0, 0, 1, 24), 'ct']",1.4980475015931345
671,"[(1, 1, 1), (0, 0, 0, 24), 't']",1.4981032716589924
672,"[(2, 1, 2), (1, 0, 0, 24), 'c']",1.4981730902451804
673,"[(1, 1, 1), (0, 0, 1, 24), 'n']",1.4981966010045722
674,"[(2, 1, 1), (1, 0, 0, 24), 'n']",1.499221113569041
675,"[(2, 1, 2), (1, 0, 1, 24), 'c']",1.4992348846899026
676,"[(2, 1, 1), (0, 0, 0, 24), 'c']",1.5005101518972892
677,"[(1, 1, 1), (0, 0, 1, 24), 'c']",1.5010671806217162
678,"[(2, 1, 2), (0, 1, 1, 24), 'ct']",1.5013029908116
679,"[(2, 0, 1), (0, 0, 1, 24), 'n']",1.5013442062863023
680,"[(2, 1, 2), (1, 0, 1, 24), 't']",1.5014081422135401
681,"[(0, 0, 2), (2, 1, 2, 24), 't']",1.5017045948214356
682,"[(2, 1, 0), (0, 0, 1, 24), 'n']",1.5017376380104404
683,"[(2, 0, 1), (1, 0, 0, 24), 'ct']",1.5020142661921034
684,"[(2, 1, 1), (1, 0, 0, 24), 'c']",1.5021047600105537
685,"[(2, 0, 1), (0, 0, 0, 24), 'n']",1.5026748933154266
686,"[(2, 1, 2), (1, 0, 1, 24), 'ct']",1.5041124200437288
687,"[(1, 1, 1), (0, 0, 0, 24), 'ct']",1.5044693959010749
688,"[(2, 1, 0), (0, 0, 1, 24), 'c']",1.504896390379158
689,"[(1, 1, 1), (0, 0, 1, 24), 't']",1.5064560904360456
690,"[(2, 0, 1), (0, 0, 2, 24), 'c']",1.5070242945827652
691,"[(1, 1, 2), (2, 0, 1, 24), 'ct']",1.507041479545415
692,"[(1, 1, 2), (1, 0, 1, 24), 'ct']",1.5072514423946468
693,"[(1, 1, 2), (1, 0, 0, 24), 'ct']",1.5072662213542811
694,"[(2, 1, 2), (0, 1, 1, 24), 't']",1.5081726286086605
695,"[(2, 1, 2), (2, 0, 1, 24), 'ct']",1.5087423507200524
696,"[(2, 1, 0), (0, 0, 1, 24), 't']",1.509819613103087
697,"[(1, 1, 1), (0, 0, 1, 24), 'ct']",1.5100519065673819
698,"[(2, 0, 2), (2, 0, 2, 24), 'c']",1.5102694689185032
699,"[(2, 1, 2), (0, 0, 2, 24), 't']",1.5109766159879303
700,"[(2, 1, 2), (1, 0, 0, 24), 'ct']",1.5110953103953906
701,"[(2, 1, 0), (1, 0, 0, 24), 'n']",1.5112219073132604
702,"[(2, 0, 2), (1, 0, 0, 24), 'n']",1.511226429965987
703,"[(1, 1, 1), (1, 0, 2, 24), 'ct']",1.5115670966919244
704,"[(2, 1, 0), (0, 0, 0, 24), 'n']",1.5125228299584084
705,"[(1, 1, 2), (1, 0, 0, 24), 'n']",1.5127956594540894
706,"[(2, 1, 2), (0, 0, 2, 24), 'ct']",1.5133322992685267
707,"[(1, 0, 2), (2, 0, 1, 24), 'ct']",1.5137700525261615
708,"[(1, 1, 2), (0, 0, 2, 24), 'n']",1.51399994259291
709,"[(2, 1, 0), (1, 0, 0, 24), 'c']",1.5143186596444114
710,"[(2, 0, 1), (2, 0, 0, 24), 'ct']",1.5143211308837183
711,"[(2, 1, 2), (0, 0, 2, 24), 'n']",1.51470103240441
712,"[(2, 1, 0), (0, 0, 0, 24), 'c']",1.5147711831442436
713,"[(1, 1, 2), (1, 0, 0, 24), 'c']",1.5153468537588437
714,"[(2, 1, 0), (0, 0, 1, 24), 'ct']",1.515844039054843
715,"[(1, 1, 2), (0, 0, 2, 24), 'c']",1.5160810078345126
716,"[(1, 1, 1), (2, 0, 1, 24), 'ct']",1.516114311160864
717,"[(2, 1, 2), (0, 0, 2, 24), 'c']",1.5168120009030368
718,"[(2, 1, 0), (1, 0, 0, 24), 't']",1.518967570526163
719,"[(2, 0, 1), (1, 0, 2, 24), 't']",1.5199845740752884
720,"[(1, 1, 2), (0, 0, 2, 24), 'ct']",1.5200162932154266
721,"[(1, 0, 1), (2, 0, 2, 24), 'ct']",1.5202433019720258
722,"[(2, 1, 0), (0, 0, 0, 24), 't']",1.5209756714204226
723,"[(1, 1, 2), (2, 0, 1, 24), 't']",1.5214626958272326
724,"[(1, 1, 2), (0, 0, 2, 24), 't']",1.5218300181534503
725,"[(1, 1, 2), (1, 0, 0, 24), 't']",1.5220726173561852
726,"[(2, 1, 2), (2, 0, 0, 24), 't']",1.5222431432598618
727,"[(1, 1, 2), (2, 0, 0, 24), 'n']",1.5239974982329398
728,"[(2, 1, 0), (1, 0, 0, 24), 'ct']",1.5240816818965504
729,"[(2, 0, 1), (2, 0, 2, 24), 't']",1.5248310567144887
730,"[(2, 1, 0), (0, 0, 0, 24), 'ct']",1.5252589376464178
731,"[(2, 0, 2), (1, 0, 2, 24), 't']",1.5265811488361132
732,"[(1, 1, 2), (2, 0, 0, 24), 'c']",1.526662988995498
733,"[(1, 1, 1), (1, 0, 0, 24), 'n']",1.5270037554343403
734,"[(2, 1, 1), (2, 0, 1, 24), 'ct']",1.527149732473119
735,"[(1, 1, 1), (0, 0, 2, 24), 't']",1.5282801399231782
736,"[(2, 1, 0), (0, 0, 2, 24), 'n']",1.5294031146045108
737,"[(1, 1, 1), (1, 0, 0, 24), 'c']",1.530378660477559
738,"[(2, 0, 2), (2, 0, 0, 24), 'n']",1.5307915756484223
739,"[(0, 1, 2), (1, 0, 0, 24), 'n']",1.5320631171106045
740,"[(2, 1, 0), (0, 0, 2, 24), 'c']",1.5324742600876853
741,"[(1, 1, 1), (0, 0, 2, 24), 'ct']",1.53278686688453
742,"[(2, 1, 1), (1, 0, 0, 24), 't']",1.5333975094461088
743,"[(2, 1, 1), (1, 0, 0, 24), 'ct']",1.5349388766644567
744,"[(0, 1, 2), (1, 0, 0, 24), 'c']",1.5352243353357446
745,"[(1, 0, 2), (1, 0, 0, 24), 'n']",1.5357024974215903
746,"[(2, 1, 0), (0, 0, 2, 24), 't']",1.5372611576702597
747,"[(2, 1, 0), (0, 0, 2, 24), 'ct']",1.5375637856990554
748,"[(0, 0, 2), (2, 1, 0, 24), 'c']",1.538300143637311
749,"[(0, 1, 2), (1, 0, 0, 24), 't']",1.5402156339740882
750,"[(1, 1, 2), (2, 0, 0, 24), 't']",1.5416372259452211
751,"[(2, 0, 2), (2, 0, 1, 24), 't']",1.541803925005237
752,"[(1, 1, 2), (2, 0, 0, 24), 'ct']",1.5433120120730461
753,"[(2, 1, 2), (2, 0, 0, 24), 'n']",1.5435310611386501
754,"[(2, 1, 2), (2, 0, 0, 24), 'c']",1.5448735228805066
755,"[(1, 0, 2), (1, 0, 0, 24), 't']",1.544897744103449
756,"[(0, 0, 1), (2, 1, 2, 24), 'ct']",1.5450795126484904
757,"[(1, 1, 1), (1, 0, 0, 24), 't']",1.5454540660306315
758,"[(1, 1, 1), (1, 0, 0, 24), 'ct']",1.5458669764632489
759,"[(0, 1, 2), (1, 0, 0, 24), 'ct']",1.5462878138751484
760,"[(0, 1, 2), (0, 0, 1, 24), 'n']",1.5466466458737724
761,"[(2, 1, 1), (2, 0, 0, 24), 'n']",1.5471223757803483
762,"[(2, 1, 2), (0, 1, 2, 24), 'ct']",1.547340535640919
763,"[(2, 1, 1), (2, 0, 0, 24), 'c']",1.548095661755753
764,"[(0, 0, 2), (1, 1, 2, 24), 'n']",1.54834241955842
765,"[(1, 0, 2), (0, 0, 1, 24), 'n']",1.549663753481843
766,"[(0, 1, 2), (0, 0, 1, 24), 'c']",1.5497797668427802
767,"[(1, 0, 2), (0, 0, 1, 24), 't']",1.5508162775960657
768,"[(1, 0, 2), (1, 0, 0, 24), 'c']",1.5509538547462458
769,"[(1, 0, 0), (1, 0, 2, 24), 'ct']",1.551204746861676
770,"[(1, 0, 2), (0, 0, 1, 24), 'c']",1.5516550165911216
771,"[(1, 0, 2), (0, 0, 2, 24), 'n']",1.5518136964322262
772,"[(1, 1, 1), (2, 0, 0, 24), 'n']",1.5525659131994736
773,"[(2, 1, 2), (2, 0, 0, 24), 'ct']",1.552623339806949
774,"[(1, 0, 2), (0, 0, 1, 24), 'ct']",1.5541151283241954
775,"[(0, 1, 2), (0, 0, 1, 24), 't']",1.5547551791209537
776,"[(1, 1, 1), (2, 0, 0, 24), 'c']",1.5550934591584173
777,"[(2, 1, 0), (2, 0, 0, 24), 'n']",1.5555372917151884
778,"[(2, 1, 1), (0, 0, 2, 24), 'n']",1.555568277703766
779,"[(2, 1, 0), (2, 0, 0, 24), 'c']",1.557060607283616
780,"[(2, 1, 1), (0, 0, 2, 24), 'c']",1.557923403668115
781,"[(1, 0, 1), (0, 0, 2, 24), 'n']",1.5579626361245564
782,"[(0, 1, 2), (0, 0, 1, 24), 'ct']",1.558001615086095
783,"[(1, 1, 1), (0, 0, 2, 24), 'n']",1.5594012034931073
784,"[(2, 1, 0), (2, 0, 0, 24), 't']",1.5617628717962466
785,"[(2, 1, 1), (0, 0, 2, 24), 'ct']",1.5618892598838336
786,"[(0, 1, 2), (0, 0, 2, 24), 'n']",1.5627327498920769
787,"[(0, 1, 2), (2, 0, 0, 24), 'n']",1.5629849343914917
788,"[(1, 1, 1), (0, 0, 2, 24), 'c']",1.563672482686824
789,"[(0, 0, 2), (1, 1, 1, 24), 'n']",1.5641865226395244
790,"[(0, 1, 2), (0, 0, 2, 24), 'c']",1.5645015772467257
791,"[(0, 1, 2), (2, 0, 0, 24), 'c']",1.5661838074250805
792,"[(2, 0, 0), (0, 0, 1, 24), 'c']",1.5675444722034426
793,"[(0, 1, 2), (0, 0, 2, 24), 't']",1.5695448875293787
794,"[(1, 0, 2), (1, 0, 0, 24), 'ct']",1.56969030985282
795,"[(2, 0, 0), (0, 0, 0, 24), 'c']",1.569874297725579
796,"[(2, 0, 0), (0, 0, 0, 24), 't']",1.569946459378606
797,"[(0, 1, 2), (2, 0, 0, 24), 't']",1.5700971020882626
798,"[(2, 1, 0), (2, 0, 0, 24), 'ct']",1.5702017283786551
799,"[(0, 1, 2), (0, 0, 2, 24), 'ct']",1.5710087439122893
800,"[(0, 1, 2), (2, 0, 0, 24), 'ct']",1.571169251412112
801,"[(2, 0, 1), (2, 0, 1, 24), 't']",1.5715029690240565
802,"[(0, 0, 2), (0, 1, 1, 24), 'n']",1.573549020233188
803,"[(2, 0, 2), (0, 0, 2, 24), 'c']",1.5742104530210212
804,"[(2, 1, 1), (0, 0, 2, 24), 't']",1.574490133023129
805,"[(2, 0, 0), (0, 0, 1, 24), 't']",1.5745825493391057
806,"[(2, 0, 2), (0, 0, 2, 24), 'n']",1.5748084923088927
807,"[(1, 1, 0), (0, 0, 1, 24), 'n']",1.5749665979839447
808,"[(1, 1, 1), (2, 0, 0, 24), 't']",1.5751709348868137
809,"[(1, 1, 0), (0, 0, 0, 24), 'n']",1.5759662550296558
810,"[(2, 0, 0), (0, 0, 1, 24), 'ct']",1.5770757767795336
811,"[(1, 0, 2), (2, 0, 0, 24), 'n']",1.5771543480026835
812,"[(1, 1, 0), (0, 0, 0, 24), 'c']",1.5775070764134063
813,"[(2, 1, 1), (2, 0, 0, 24), 'ct']",1.5779386365067245
814,"[(1, 1, 0), (0, 0, 1, 24), 'c']",1.5781800860514914
815,"[(2, 0, 0), (0, 0, 1, 24), 'n']",1.5781998725908348
816,"[(1, 1, 0), (1, 0, 0, 24), 'n']",1.5817049492081956
817,"[(2, 0, 0), (0, 0, 0, 24), 'n']",1.5817343968741093
818,"[(1, 1, 0), (0, 0, 1, 24), 'ct']",1.5823323760227206
819,"[(2, 0, 0), (0, 0, 0, 24), 'ct']",1.582467830742725
820,"[(1, 1, 0), (0, 0, 1, 24), 't']",1.5830135665830796
821,"[(1, 1, 0), (0, 0, 0, 24), 't']",1.5838751179968964
822,"[(0, 1, 1), (1, 0, 0, 24), 'n']",1.5850487056686615
823,"[(1, 1, 0), (1, 0, 0, 24), 'c']",1.5856150991183906
824,"[(1, 0, 2), (2, 0, 0, 24), 'c']",1.58696713312035
825,"[(2, 1, 1), (2, 0, 0, 24), 't']",1.5870536888411193
826,"[(2, 0, 0), (1, 0, 0, 24), 'n']",1.5873559102560657
827,"[(0, 1, 1), (1, 0, 0, 24), 'c']",1.588231410017027
828,"[(1, 0, 2), (1, 0, 1, 24), 'ct']",1.5889444346857073
829,"[(2, 1, 2), (0, 1, 2, 24), 't']",1.5892389783341578
830,"[(1, 1, 0), (0, 0, 2, 24), 'n']",1.5893477210141866
831,"[(1, 1, 0), (0, 0, 0, 24), 'ct']",1.5894235761874655
832,"[(1, 1, 0), (1, 0, 0, 24), 't']",1.5895009200079013
833,"[(0, 0, 2), (1, 1, 2, 24), 'c']",1.5903264946269526
834,"[(1, 0, 2), (0, 0, 0, 24), 't']",1.5905002868453733
835,"[(1, 0, 1), (1, 0, 0, 24), 'n']",1.5907636265550757
836,"[(1, 1, 0), (1, 0, 0, 24), 'ct']",1.591011477247666
837,"[(2, 0, 0), (0, 0, 2, 24), 'c']",1.591021787489042
838,"[(0, 0, 2), (1, 1, 2, 24), 't']",1.5912138411126076
839,"[(2, 0, 2), (0, 0, 0, 24), 'ct']",1.5921824337744437
840,"[(1, 1, 0), (0, 0, 2, 24), 'c']",1.5925295184489003
841,"[(0, 1, 2), (0, 0, 0, 24), 'n']",1.5926962175026564
842,"[(0, 1, 1), (1, 0, 0, 24), 't']",1.5927778817751799
843,"[(2, 0, 0), (1, 0, 0, 24), 'c']",1.5929321702841925
844,"[(0, 1, 2), (0, 0, 0, 24), 'c']",1.59484654719105
845,"[(0, 1, 1), (1, 0, 0, 24), 'ct']",1.5972191962403752
846,"[(1, 1, 0), (0, 0, 2, 24), 't']",1.597245297236102
847,"[(1, 0, 1), (1, 0, 0, 24), 't']",1.598319924030185
848,"[(2, 0, 0), (1, 0, 0, 24), 't']",1.5983432648825668
849,"[(1, 1, 0), (0, 0, 2, 24), 'ct']",1.5991975523793154
850,"[(0, 0, 2), (2, 1, 0, 24), 't']",1.5998222957599542
851,"[(1, 0, 2), (0, 0, 0, 24), 'n']",1.6001134246557873
852,"[(0, 1, 2), (0, 0, 0, 24), 't']",1.6008553537775867
853,"[(0, 1, 1), (0, 0, 1, 24), 'n']",1.6030536165578497
854,"[(0, 1, 1), (2, 0, 0, 24), 'n']",1.6034291250320571
855,"[(1, 1, 0), (2, 0, 0, 24), 'n']",1.6035111443717254
856,"[(0, 1, 0), (1, 0, 0, 24), 'n']",1.6038420949097432
857,"[(2, 0, 0), (1, 0, 0, 24), 'ct']",1.6040341398553892
858,"[(0, 1, 2), (0, 0, 0, 24), 'ct']",1.6050336716301024
859,"[(1, 0, 2), (1, 0, 2, 24), 'ct']",1.6056359350002842
860,"[(0, 1, 1), (0, 0, 1, 24), 'c']",1.605789267939131
861,"[(1, 0, 2), (0, 0, 2, 24), 'c']",1.6060202208796448
862,"[(0, 1, 1), (2, 0, 0, 24), 'c']",1.6064505037780796
863,"[(1, 1, 0), (2, 0, 0, 24), 'c']",1.6068787007658296
864,"[(0, 1, 0), (1, 0, 0, 24), 'c']",1.6070222141736157
865,"[(1, 0, 1), (0, 0, 1, 24), 't']",1.6070784218727798
866,"[(1, 0, 1), (0, 0, 1, 24), 'n']",1.6072060305797282
867,"[(1, 0, 2), (0, 0, 0, 24), 'c']",1.6082698934026964
868,"[(0, 1, 0), (0, 1, 0, 24), 'n']",1.608570794205894
869,"[(1, 0, 1), (1, 0, 0, 24), 'c']",1.6093568358041535
870,"[(0, 1, 1), (2, 0, 0, 24), 't']",1.610129808131123
871,"[(1, 0, 0), (1, 0, 0, 24), 'n']",1.610274981559581
872,"[(1, 1, 0), (2, 0, 0, 24), 't']",1.610476950551506
873,"[(0, 1, 1), (0, 0, 1, 24), 't']",1.610986346827489
874,"[(0, 1, 0), (1, 0, 0, 24), 't']",1.6111994464413961
875,"[(0, 1, 0), (0, 1, 0, 24), 'c']",1.612686126469213
876,"[(1, 0, 1), (0, 0, 1, 24), 'c']",1.6127463105211104
877,"[(0, 1, 0), (0, 1, 0, 24), 'ct']",1.6131534063220774
878,"[(0, 1, 1), (2, 0, 0, 24), 'ct']",1.6132714541987239
879,"[(2, 0, 1), (0, 0, 2, 24), 'n']",1.6135244771859316
880,"[(0, 1, 0), (1, 0, 0, 24), 'ct']",1.6135558363192104
881,"[(0, 1, 0), (2, 0, 0, 24), 'n']",1.61361118171016
882,"[(2, 0, 2), (2, 0, 0, 24), 't']",1.6140883971393427
883,"[(0, 1, 1), (0, 0, 2, 24), 'n']",1.6145057532785014
884,"[(0, 1, 1), (0, 0, 1, 24), 'ct']",1.6149375780334776
885,"[(1, 0, 1), (0, 0, 0, 24), 't']",1.6149715244415503
886,"[(1, 1, 0), (2, 0, 0, 24), 'ct']",1.615190031253054
887,"[(0, 1, 1), (0, 0, 2, 24), 'c']",1.6160577293890233
888,"[(1, 1, 1), (2, 0, 0, 24), 'ct']",1.616226901610296
889,"[(0, 1, 0), (2, 0, 0, 24), 'c']",1.6165179278657207
890,"[(0, 1, 0), (0, 1, 0, 24), 't']",1.6170522040805317
891,"[(0, 1, 1), (0, 0, 0, 24), 'n']",1.6177977811500737
892,"[(1, 0, 1), (2, 0, 0, 24), 'n']",1.618580375651692
893,"[(2, 0, 1), (1, 0, 0, 24), 'n']",1.6189024082055605
894,"[(0, 1, 1), (0, 0, 0, 24), 'c']",1.6197584013834354
895,"[(0, 1, 0), (2, 0, 0, 24), 't']",1.6199155572023707
896,"[(2, 0, 0), (2, 0, 0, 24), 'n']",1.6202420938762705
897,"[(0, 1, 1), (0, 0, 2, 24), 't']",1.6207686685598717
898,"[(2, 0, 0), (2, 0, 0, 24), 'c']",1.6212299681926376
899,"[(1, 0, 0), (1, 0, 0, 24), 't']",1.6220068506643375
900,"[(2, 0, 0), (0, 0, 2, 24), 'n']",1.623388772881604
901,"[(0, 1, 0), (2, 0, 0, 24), 'ct']",1.6236776536149635
902,"[(0, 0, 2), (0, 1, 2, 24), 'n']",1.6240502259599117
903,"[(1, 0, 1), (0, 0, 0, 24), 'n']",1.6244978423000354
904,"[(1, 0, 2), (2, 0, 0, 24), 't']",1.624731919054607
905,"[(0, 1, 1), (0, 0, 0, 24), 't']",1.6253549862506644
906,"[(2, 1, 2), (1, 1, 2, 24), 't']",1.6264103018198681
907,"[(2, 1, 2), (1, 1, 2, 24), 'ct']",1.6270968575431253
908,"[(0, 1, 1), (0, 0, 2, 24), 'ct']",1.628754314617319
909,"[(1, 0, 1), (1, 0, 0, 24), 'ct']",1.6290967954354558
910,"[(1, 0, 1), (0, 0, 0, 24), 'c']",1.629124292652167
911,"[(1, 0, 1), (0, 0, 1, 24), 'ct']",1.629680237818229
912,"[(1, 0, 0), (2, 0, 0, 24), 'n']",1.6301874719992826
913,"[(0, 1, 1), (0, 0, 0, 24), 'ct']",1.6304497663113924
914,"[(1, 0, 2), (2, 0, 0, 24), 'ct']",1.6305521004459207
915,"[(1, 0, 2), (0, 0, 0, 24), 'ct']",1.6310489736068838
916,"[(1, 0, 1), (2, 0, 0, 24), 'c']",1.6332644470148228
917,"[(0, 0, 2), (1, 0, 1, 24), 'n']",1.6351991266262826
918,"[(0, 0, 2), (1, 1, 2, 24), 'ct']",1.6352381894616528
919,"[(0, 0, 2), (1, 1, 1, 24), 'c']",1.6366524347778553
920,"[(1, 0, 1), (0, 0, 0, 24), 'ct']",1.640471060005121
921,"[(2, 0, 0), (2, 0, 0, 24), 'ct']",1.640684868735682
922,"[(0, 0, 2), (0, 1, 1, 24), 'c']",1.6418919079880998
923,"[(2, 0, 0), (1, 0, 1, 24), 'ct']",1.6424396148198075
924,"[(2, 0, 1), (2, 0, 0, 24), 't']",1.6431488411574877
925,"[(1, 0, 1), (1, 0, 1, 24), 'ct']",1.6456877424552863
926,"[(1, 0, 0), (1, 0, 0, 24), 'c']",1.6459356416854778
927,"[(2, 0, 2), (0, 1, 0, 24), 'n']",1.6486844045626377
928,"[(2, 0, 2), (0, 1, 0, 24), 'c']",1.6533258229829508
929,"[(1, 0, 2), (0, 1, 0, 24), 'n']",1.6539676404377526
930,"[(2, 0, 0), (0, 0, 2, 24), 'ct']",1.6554988166127746
931,"[(1, 0, 0), (2, 0, 1, 24), 'ct']",1.655566214134144
932,"[(1, 0, 1), (1, 0, 2, 24), 'ct']",1.657122435177237
933,"[(0, 1, 2), (0, 1, 0, 24), 'n']",1.657925562799596
934,"[(1, 0, 2), (0, 1, 0, 24), 'c']",1.6581149346175892
935,"[(2, 1, 0), (0, 1, 0, 24), 'n']",1.6588972717769945
936,"[(1, 0, 1), (2, 0, 0, 24), 't']",1.6600232378008022
937,"[(2, 0, 0), (2, 0, 0, 24), 't']",1.6606692901050544
938,"[(1, 0, 0), (0, 1, 0, 24), 'n']",1.6610649211924613
939,"[(1, 0, 1), (0, 0, 2, 24), 'c']",1.6610767113861835
940,"[(0, 1, 2), (0, 1, 0, 24), 'c']",1.6615487931748227
941,"[(2, 0, 2), (0, 1, 0, 24), 't']",1.662129544247946
942,"[(2, 1, 0), (0, 1, 0, 24), 'c']",1.6626223237116406
943,"[(1, 1, 1), (0, 1, 0, 24), 'n']",1.6653284135198796
944,"[(1, 0, 2), (0, 0, 2, 24), 'ct']",1.665663443709063
945,"[(1, 0, 0), (0, 1, 0, 24), 'c']",1.6670610120898677
946,"[(1, 0, 0), (2, 0, 0, 24), 'c']",1.6670629480779167
947,"[(2, 1, 1), (0, 1, 0, 24), 'n']",1.667456958038151
948,"[(2, 1, 0), (0, 1, 0, 24), 't']",1.6678640486054794
949,"[(1, 0, 2), (0, 1, 0, 24), 't']",1.6681750538702338
950,"[(0, 1, 2), (0, 1, 0, 24), 't']",1.6685031879977266
951,"[(0, 1, 0), (0, 0, 1, 24), 'n']",1.6686969882698854
952,"[(1, 1, 1), (0, 1, 0, 24), 'c']",1.6691006859109514
953,"[(2, 0, 1), (2, 0, 0, 24), 'n']",1.6693379600186602
954,"[(0, 0, 2), (1, 0, 2, 24), 'n']",1.6696778228211744
955,"[(0, 1, 1), (0, 1, 0, 24), 'n']",1.6696815185071359
956,"[(0, 1, 2), (0, 1, 0, 24), 'ct']",1.670627390042217
957,"[(2, 1, 1), (0, 1, 0, 24), 'c']",1.6708223986650717
958,"[(0, 0, 2), (2, 1, 0, 24), 'ct']",1.6708971013597225
959,"[(2, 1, 0), (0, 1, 0, 24), 'ct']",1.6709846398376726
960,"[(1, 0, 0), (1, 0, 0, 24), 'ct']",1.6712668584537784
961,"[(0, 1, 0), (0, 0, 1, 24), 'c']",1.6720025798933584
962,"[(1, 0, 0), (0, 0, 1, 24), 'n']",1.673028062635539
963,"[(0, 1, 1), (0, 1, 0, 24), 'c']",1.6734807147656108
964,"[(1, 1, 1), (0, 1, 0, 24), 't']",1.67422398677788
965,"[(1, 1, 1), (0, 1, 0, 24), 'ct']",1.6751596544572194
966,"[(2, 1, 1), (0, 1, 0, 24), 't']",1.6751634825069808
967,"[(1, 0, 1), (2, 0, 1, 24), 'ct']",1.67531250853407
968,"[(2, 0, 0), (0, 0, 2, 24), 't']",1.675386509798716
969,"[(1, 0, 0), (0, 1, 0, 24), 't']",1.6754465812462453
970,"[(1, 0, 1), (2, 0, 0, 24), 'ct']",1.675704668432005
971,"[(0, 0, 2), (0, 1, 2, 24), 't']",1.6763798517964161
972,"[(1, 0, 2), (0, 1, 0, 24), 'ct']",1.6768501589240112
973,"[(0, 1, 0), (0, 0, 1, 24), 't']",1.67709217912456
974,"[(0, 0, 2), (0, 1, 2, 24), 'c']",1.67737721323635
975,"[(1, 0, 0), (0, 0, 1, 24), 't']",1.67745917791392
976,"[(0, 1, 1), (0, 1, 0, 24), 't']",1.6781422499859
977,"[(2, 0, 2), (0, 1, 0, 24), 'ct']",1.678258870611142
978,"[(1, 1, 0), (0, 1, 0, 24), 'n']",1.6794765166306258
979,"[(1, 0, 0), (2, 0, 0, 24), 't']",1.6795331791620944
980,"[(0, 1, 0), (0, 0, 1, 24), 'ct']",1.6799258128391548
981,"[(0, 1, 1), (0, 1, 0, 24), 'ct']",1.6805267756204407
982,"[(1, 0, 0), (0, 1, 0, 24), 'ct']",1.6809234753785285
983,"[(0, 0, 1), (2, 1, 0, 24), 'n']",1.6814392073111726
984,"[(2, 0, 1), (0, 1, 0, 24), 'n']",1.6815746391928876
985,"[(2, 0, 2), (1, 0, 1, 24), 'ct']",1.681882921692798
986,"[(2, 1, 1), (0, 1, 0, 24), 'ct']",1.6819307821095781
987,"[(0, 1, 0), (0, 0, 2, 24), 'n']",1.6822046678777347
988,"[(1, 0, 0), (0, 0, 2, 24), 'n']",1.6829813764062442
989,"[(1, 1, 0), (0, 1, 0, 24), 'c']",1.6837037423228445
990,"[(1, 0, 1), (0, 1, 0, 24), 'n']",1.6840405167218255
991,"[(2, 0, 1), (0, 1, 0, 24), 'c']",1.684467614251775
992,"[(1, 0, 0), (0, 0, 1, 24), 'c']",1.6849018323763687
993,"[(0, 1, 0), (0, 0, 2, 24), 'c']",1.6852619730712242
994,"[(2, 1, 2), (0, 1, 0, 24), 'n']",1.6856133892876128
995,"[(1, 1, 2), (0, 1, 0, 24), 'ct']",1.6864512233567344
996,"[(1, 0, 1), (0, 1, 0, 24), 'c']",1.686548198342154
997,"[(1, 1, 2), (0, 1, 0, 24), 't']",1.6866052109027145
998,"[(2, 1, 2), (0, 1, 0, 24), 'ct']",1.68761593654248
999,"[(2, 0, 0), (0, 1, 0, 24), 'n']",1.6880712461582095
1000,"[(1, 1, 0), (0, 1, 0, 24), 't']",1.6883798429047099
1001,"[(1, 0, 0), (0, 0, 1, 24), 'ct']",1.6893770449681984
1002,"[(0, 1, 0), (0, 0, 2, 24), 't']",1.6894905343598299
1003,"[(1, 1, 0), (0, 1, 0, 24), 'ct']",1.689978807426316
1004,"[(2, 0, 0), (0, 1, 0, 24), 'c']",1.6906153167905273
1005,"[(0, 0, 2), (2, 0, 1, 24), 'n']",1.6911275087027289
1006,"[(1, 0, 0), (0, 0, 2, 24), 'c']",1.6915664943890654
1007,"[(0, 1, 0), (0, 0, 2, 24), 'ct']",1.6920096929322106
1008,"[(1, 0, 1), (0, 1, 0, 24), 't']",1.6958460505187594
1009,"[(1, 0, 0), (1, 0, 1, 24), 'ct']",1.697739270977859
1010,"[(2, 1, 2), (0, 1, 0, 24), 'c']",1.700369163941565
1011,"[(2, 0, 1), (0, 1, 0, 24), 't']",1.7006401057475113
1012,"[(1, 0, 1), (0, 1, 0, 24), 'ct']",1.7010579158655703
1013,"[(1, 0, 0), (2, 0, 0, 24), 'ct']",1.7015601705819678
1014,"[(2, 0, 0), (0, 1, 0, 24), 't']",1.7017845475565565
1015,"[(2, 1, 2), (1, 1, 1, 24), 't']",1.702205943240846
1016,"[(2, 1, 2), (0, 1, 0, 24), 't']",1.7027572971927556
1017,"[(0, 0, 2), (0, 1, 1, 24), 't']",1.7055532915191347
1018,"[(0, 0, 2), (1, 1, 1, 24), 't']",1.7057398505497272
1019,"[(2, 1, 2), (2, 1, 2, 24), 't']",1.7064012891054807
1020,"[(2, 0, 0), (2, 0, 1, 24), 'ct']",1.7086116630442654
1021,"[(2, 0, 1), (0, 1, 0, 24), 'ct']",1.7099397057526904
1022,"[(1, 0, 0), (0, 0, 2, 24), 't']",1.712319460848705
1023,"[(0, 0, 2), (0, 1, 2, 24), 'ct']",1.7134136684656218
1024,"[(2, 0, 0), (0, 1, 0, 24), 'ct']",1.7134617562250982
1025,"[(1, 1, 2), (0, 1, 0, 24), 'n']",1.7180899243623378
1026,"[(2, 0, 0), (1, 0, 2, 24), 'ct']",1.7188091088595256
1027,"[(1, 1, 2), (0, 1, 0, 24), 'c']",1.723282169210141
1028,"[(1, 0, 0), (0, 0, 0, 24), 't']",1.7291580647172042
1029,"[(0, 1, 0), (0, 0, 0, 24), 'n']",1.7302456472998275
1030,"[(0, 1, 0), (0, 0, 0, 24), 'c']",1.7315266574287524
1031,"[(0, 0, 1), (0, 1, 1, 24), 'n']",1.7341674165820233
1032,"[(1, 0, 2), (0, 0, 2, 24), 't']",1.7364408570629837
1033,"[(0, 1, 0), (0, 0, 0, 24), 't']",1.7375271227143996
1034,"[(1, 0, 0), (0, 0, 0, 24), 'n']",1.7387416179505186
1035,"[(0, 1, 0), (0, 0, 0, 24), 'ct']",1.7391825926083457
1036,"[(0, 0, 1), (1, 1, 1, 24), 'n']",1.7420992522550456
1037,"[(0, 0, 1), (2, 1, 0, 24), 'c']",1.748048541179157
1038,"[(1, 0, 0), (0, 0, 0, 24), 'c']",1.7490216680837458
1039,"[(1, 0, 0), (0, 0, 2, 24), 'ct']",1.754040538525679
1040,"[(2, 0, 1), (1, 0, 0, 24), 't']",1.7548299142007309
1041,"[(2, 0, 2), (2, 0, 0, 24), 'ct']",1.7560344543370627
1042,"[(1, 0, 0), (0, 0, 0, 24), 'ct']",1.7595021966576982
1043,"[(0, 0, 2), (1, 1, 1, 24), 'ct']",1.7689680554047313
1044,"[(2, 0, 2), (2, 0, 1, 24), 'ct']",1.775653970409831
1045,"[(0, 0, 1), (1, 1, 2, 24), 'n']",1.7859453756139096
1046,"[(0, 0, 1), (1, 0, 1, 24), 'n']",1.7921585882024158
1047,"[(1, 0, 1), (0, 0, 2, 24), 'ct']",1.806383953683573
1048,"[(2, 0, 0), (2, 0, 2, 24), 'ct']",1.8083194502414004
1049,"[(0, 1, 0), (1, 1, 0, 24), 'n']",1.821637138294056
1050,"[(0, 0, 1), (2, 1, 0, 24), 't']",1.8217997511124944
1051,"[(0, 1, 0), (1, 1, 0, 24), 'c']",1.824721938863976
1052,"[(1, 0, 1), (0, 0, 2, 24), 't']",1.8282128816858936
1053,"[(0, 1, 0), (1, 1, 0, 24), 't']",1.8294057457164927
1054,"[(0, 1, 0), (1, 1, 0, 24), 'ct']",1.832885151705811
1055,"[(2, 0, 1), (2, 0, 1, 24), 'ct']",1.8337749844037152
1056,"[(2, 0, 2), (0, 0, 2, 24), 't']",1.8346087306248535
1057,"[(2, 0, 1), (0, 0, 0, 24), 'ct']",1.8409341189138837
1058,"[(0, 0, 1), (1, 1, 2, 24), 'c']",1.8416350574599352
1059,"[(0, 0, 1), (0, 1, 1, 24), 'c']",1.8454184742666564
1060,"[(2, 1, 2), (1, 1, 1, 24), 'ct']",1.8463212565806575
1061,"[(0, 1, 2), (1, 1, 0, 24), 'n']",1.8482797124498382
1062,"[(1, 0, 2), (1, 1, 0, 24), 'n']",1.8515762460927827
1063,"[(0, 1, 2), (1, 1, 0, 24), 'c']",1.8516443202327615
1064,"[(0, 0, 2), (1, 0, 1, 24), 'c']",1.852947067675562
1065,"[(1, 0, 0), (1, 1, 0, 24), 'n']",1.8557501250277677
1066,"[(0, 0, 1), (1, 1, 1, 24), 'c']",1.8557807720057833
1067,"[(0, 1, 1), (1, 1, 0, 24), 'n']",1.8558260985990889
1068,"[(0, 1, 2), (1, 1, 0, 24), 't']",1.8562873645192894
1069,"[(0, 0, 0), (2, 1, 1, 24), 't']",1.856343888981483
1070,"[(1, 0, 2), (1, 1, 0, 24), 'c']",1.8569607723882164
1071,"[(0, 1, 1), (1, 1, 0, 24), 'c']",1.859107261028537
1072,"[(1, 0, 0), (1, 1, 0, 24), 'c']",1.8608435312999432
1073,"[(1, 0, 1), (1, 1, 0, 24), 'n']",1.861397978786414
1074,"[(1, 1, 2), (1, 1, 0, 24), 'n']",1.8621108477755404
1075,"[(0, 1, 2), (1, 1, 0, 24), 'ct']",1.8626834750903345
1076,"[(0, 1, 1), (1, 1, 0, 24), 't']",1.8651264500382578
1077,"[(1, 0, 1), (1, 1, 0, 24), 'c']",1.8665260642587078
1078,"[(1, 1, 2), (1, 1, 0, 24), 'c']",1.8667841162984962
1079,"[(2, 0, 2), (1, 1, 0, 24), 'n']",1.8689979126606113
1080,"[(1, 1, 1), (1, 1, 0, 24), 'n']",1.8696857409276761
1081,"[(1, 1, 2), (1, 1, 0, 24), 't']",1.869726206545844
1082,"[(1, 0, 2), (1, 1, 0, 24), 't']",1.8701593912927466
1083,"[(1, 1, 0), (1, 1, 0, 24), 'n']",1.870453394426405
1084,"[(0, 0, 2), (0, 1, 1, 24), 'ct']",1.871068961740374
1085,"[(2, 1, 0), (1, 1, 0, 24), 'n']",1.8715213958808037
1086,"[(0, 0, 0), (2, 1, 2, 24), 'ct']",1.8718305567883269
1087,"[(1, 0, 0), (1, 1, 0, 24), 't']",1.8719182766337568
1088,"[(2, 1, 0), (1, 1, 0, 24), 'c']",1.8736081274967153
1089,"[(1, 1, 1), (1, 1, 0, 24), 'c']",1.8741801544245198
1090,"[(2, 0, 0), (1, 1, 0, 24), 'n']",1.8743798214022311
1091,"[(0, 1, 1), (1, 1, 0, 24), 'ct']",1.8745634529768938
1092,"[(2, 0, 2), (1, 1, 0, 24), 'c']",1.8746065495024262
1093,"[(1, 1, 0), (1, 1, 0, 24), 'c']",1.874940180273316
1094,"[(1, 1, 1), (1, 1, 0, 24), 't']",1.8759356707013308
1095,"[(0, 0, 0), (2, 1, 1, 24), 'c']",1.8761827227344017
1096,"[(1, 0, 1), (1, 1, 0, 24), 't']",1.877476056044657
1097,"[(2, 0, 0), (1, 1, 0, 24), 'c']",1.8789462276380278
1098,"[(1, 1, 0), (1, 1, 0, 24), 't']",1.8791681528564792
1099,"[(1, 1, 2), (1, 1, 0, 24), 'ct']",1.879931503637525
1100,"[(1, 1, 1), (1, 1, 0, 24), 'ct']",1.8802632191772812
1101,"[(1, 0, 0), (1, 1, 0, 24), 'ct']",1.8808280205562664
1102,"[(2, 1, 0), (1, 1, 0, 24), 't']",1.8810898170189345
1103,"[(1, 1, 0), (1, 1, 0, 24), 'ct']",1.8814564435756198
1104,"[(2, 0, 1), (1, 1, 0, 24), 'n']",1.8818939651859736
1105,"[(2, 1, 1), (1, 1, 0, 24), 'n']",1.8829347401252527
1106,"[(2, 0, 1), (0, 0, 1, 24), 't']",1.8834492364194373
1107,"[(0, 0, 1), (1, 1, 2, 24), 't']",1.8850722691106758
1108,"[(2, 1, 0), (1, 1, 0, 24), 'ct']",1.885225075805656
1109,"[(2, 1, 1), (1, 1, 0, 24), 'c']",1.8852799865402854
1110,"[(2, 0, 1), (1, 1, 0, 24), 'c']",1.8865859802395173
1111,"[(1, 0, 2), (1, 1, 0, 24), 'ct']",1.8889665526907125
1112,"[(1, 0, 1), (1, 1, 0, 24), 'ct']",1.8904528031130867
1113,"[(2, 0, 2), (1, 0, 0, 24), 'ct']",1.8909071308195875
1114,"[(2, 0, 0), (1, 1, 0, 24), 't']",1.890970718228696
1115,"[(2, 0, 2), (1, 1, 0, 24), 't']",1.8920257204033666
1116,"[(2, 0, 1), (1, 1, 0, 24), 't']",1.8949282467371866
1117,"[(0, 0, 2), (2, 0, 2, 24), 'c']",1.8997033255850975
1118,"[(2, 1, 1), (1, 1, 0, 24), 't']",1.9021817243610455
1119,"[(2, 1, 1), (1, 1, 0, 24), 'ct']",1.9026093332906044
1120,"[(2, 0, 0), (1, 1, 0, 24), 'ct']",1.9083686397825448
1121,"[(0, 0, 0), (2, 1, 0, 24), 'n']",1.9097086772172789
1122,"[(2, 0, 1), (1, 1, 0, 24), 'ct']",1.9150846692372183
1123,"[(0, 0, 1), (2, 1, 0, 24), 'ct']",1.9222354792045562
1124,"[(2, 0, 2), (1, 1, 0, 24), 'ct']",1.924442621833244
1125,"[(2, 1, 2), (1, 1, 0, 24), 'c']",1.9256462796437035
1126,"[(2, 1, 2), (1, 1, 0, 24), 't']",1.9309944761862696
1127,"[(0, 0, 1), (1, 1, 2, 24), 'ct']",1.9342211675084746
1128,"[(0, 0, 1), (0, 1, 2, 24), 'n']",1.9352020804692107
1129,"[(2, 0, 2), (0, 0, 1, 24), 'ct']",1.9363930838692394
1130,"[(2, 1, 2), (1, 1, 0, 24), 'n']",1.952168575281207
1131,"[(0, 0, 1), (0, 1, 1, 24), 't']",1.9560058093392225
1132,"[(0, 0, 1), (1, 1, 1, 24), 't']",1.96448447974273
1133,"[(0, 0, 0), (2, 1, 1, 24), 'n']",1.9860027676277894
1134,"[(0, 0, 0), (2, 1, 0, 24), 'c']",1.9872338273545602
1135,"[(0, 0, 1), (0, 1, 2, 24), 'c']",2.000670684951374
1136,"[(0, 0, 0), (2, 1, 2, 24), 't']",2.00716216001195
1137,"[(0, 0, 0), (2, 1, 2, 24), 'c']",2.0153247433462558
1138,"[(2, 1, 2), (1, 1, 0, 24), 'ct']",2.015740882624819
1139,"[(0, 0, 1), (0, 1, 2, 24), 't']",2.0349040842719237
1140,"[(0, 0, 0), (2, 1, 1, 24), 'ct']",2.046095419997894
1141,"[(0, 0, 1), (1, 0, 2, 24), 'n']",2.0576486556442934
1142,"[(0, 0, 0), (2, 1, 2, 24), 'n']",2.0638396118005997
1143,"[(0, 0, 1), (2, 0, 1, 24), 'n']",2.064476018996144
1144,"[(0, 0, 1), (0, 1, 2, 24), 'ct']",2.083243225241069
1145,"[(0, 0, 0), (2, 1, 0, 24), 't']",2.097758804284275
1146,"[(0, 0, 1), (1, 1, 1, 24), 'ct']",2.106186486782593
1147,"[(0, 0, 1), (1, 0, 1, 24), 'c']",2.1238433182842997
1148,"[(0, 0, 2), (1, 0, 1, 24), 't']",2.135787792974604
1149,"[(0, 0, 2), (2, 0, 2, 24), 't']",2.1483325137852076
1150,"[(0, 0, 2), (2, 0, 1, 24), 'c']",2.2441020527370625
1151,"[(0, 0, 1), (0, 1, 1, 24), 'ct']",2.2623334560428696
1152,"[(0, 0, 1), (2, 0, 2, 24), 'n']",2.274477692601298
1153,"[(0, 0, 0), (2, 1, 0, 24), 'ct']",2.278223179143416
1154,"[(2, 0, 2), (0, 0, 2, 24), 'ct']",2.3024466541881883
1155,"[(0, 0, 2), (1, 0, 2, 24), 'c']",2.3978032324960057
1156,"[(0, 0, 2), (1, 0, 0, 24), 'n']",2.4022259664004544
1157,"[(0, 0, 2), (1, 0, 2, 24), 't']",2.4185448862958565
1158,"[(0, 0, 2), (0, 0, 1, 24), 'ct']",2.4231510191845973
1159,"[(0, 0, 2), (1, 0, 2, 24), 'ct']",2.443687912308135
1160,"[(0, 0, 2), (2, 0, 2, 24), 'ct']",2.461252225260572
1161,"[(0, 0, 2), (0, 1, 0, 24), 'n']",2.471245523501822
1162,"[(0, 0, 2), (0, 1, 0, 24), 'c']",2.4778785008973543
1163,"[(0, 0, 2), (0, 1, 0, 24), 't']",2.4837950224990393
1164,"[(0, 0, 2), (0, 1, 0, 24), 'ct']",2.487946237438687
1165,"[(2, 0, 1), (0, 0, 1, 24), 'ct']",2.4924546696159995
1166,"[(0, 0, 2), (2, 0, 1, 24), 'ct']",2.50199054390269
1167,"[(0, 0, 2), (0, 0, 2, 24), 'c']",2.5120573182301884
1168,"[(0, 0, 2), (2, 0, 0, 24), 'c']",2.54117794749227
1169,"[(0, 0, 2), (2, 0, 0, 24), 'n']",2.5503267635270856
1170,"[(0, 0, 2), (1, 0, 1, 24), 'ct']",2.560663943505571
1171,"[(2, 0, 1), (2, 0, 2, 24), 'ct']",2.562856871975249
1172,"[(0, 0, 2), (1, 0, 0, 24), 'ct']",2.5704716735950703
1173,"[(0, 0, 2), (1, 0, 0, 24), 'c']",2.573827684735765
1174,"[(0, 0, 2), (0, 0, 1, 24), 'c']",2.588246533928719
1175,"[(0, 0, 2), (2, 0, 0, 24), 'ct']",2.590737743179261
1176,"[(0, 0, 2), (0, 0, 2, 24), 'ct']",2.614144743934247
1177,"[(2, 0, 1), (1, 0, 2, 24), 'ct']",2.6147385263574434
1178,"[(2, 0, 1), (0, 0, 2, 24), 't']",2.620646699749622
1179,"[(2, 0, 2), (1, 0, 2, 24), 'ct']",2.639680525691793
1180,"[(0, 0, 1), (1, 0, 1, 24), 't']",2.649362791916712
1181,"[(0, 0, 2), (1, 1, 0, 24), 'c']",2.6561140189319383
1182,"[(0, 0, 2), (1, 1, 0, 24), 'n']",2.666381912862882
1183,"[(0, 0, 2), (2, 0, 1, 24), 't']",2.6739660862450694
1184,"[(0, 0, 0), (2, 0, 2, 24), 'n']",2.690197732075665
1185,"[(0, 0, 2), (1, 1, 0, 24), 't']",2.7097080789121515
1186,"[(0, 0, 0), (0, 1, 1, 24), 'n']",2.7222720865307535
1187,"[(0, 0, 2), (0, 0, 0, 24), 'ct']",2.7272396382233146
1188,"[(0, 0, 0), (1, 1, 2, 24), 'n']",2.737463056823833
1189,"[(0, 0, 2), (0, 0, 0, 24), 'c']",2.738073875967151
1190,"[(0, 0, 0), (1, 1, 1, 24), 'n']",2.7455504742654426
1191,"[(0, 0, 1), (2, 0, 2, 24), 't']",2.749451294333697
1192,"[(0, 0, 2), (1, 0, 0, 24), 't']",2.762383124717444
1193,"[(0, 0, 0), (1, 1, 2, 24), 'c']",2.7920757746979117
1194,"[(0, 0, 0), (2, 0, 1, 24), 'n']",2.8085989812207965
1195,"[(0, 0, 2), (1, 1, 0, 24), 'ct']",2.833485229541811
1196,"[(0, 0, 0), (1, 0, 1, 24), 'n']",2.8479801430495133
1197,"[(0, 0, 0), (1, 0, 2, 24), 'n']",2.8550219108131527
1198,"[(0, 0, 0), (1, 1, 2, 24), 't']",2.8609904429492166
1199,"[(0, 0, 1), (2, 0, 2, 24), 'c']",2.9132299129063757
1200,"[(0, 0, 1), (1, 0, 2, 24), 't']",2.923277509856081
1201,"[(0, 0, 0), (0, 1, 1, 24), 'c']",2.9445077068461853
1202,"[(0, 0, 0), (0, 1, 2, 24), 'n']",2.9468940400256396
1203,"[(0, 0, 0), (1, 1, 1, 24), 'c']",2.9650735159257677
1204,"[(0, 0, 0), (0, 1, 2, 24), 'c']",2.9885680892882336
1205,"[(0, 0, 2), (2, 0, 0, 24), 't']",3.0156109706600955
1206,"[(0, 0, 0), (0, 1, 2, 24), 't']",3.03582670713627
1207,"[(2, 0, 2), (2, 0, 2, 24), 'ct']",3.0594294819319083
1208,"[(0, 0, 1), (1, 0, 1, 24), 'ct']",3.072690965021159
1209,"[(0, 0, 1), (2, 0, 1, 24), 'c']",3.0821495901215643
1210,"[(0, 0, 0), (1, 1, 2, 24), 'ct']",3.082263530397629
1211,"[(0, 0, 1), (1, 0, 2, 24), 'c']",3.083712011906206
1212,"[(0, 0, 1), (0, 0, 1, 24), 'c']",3.0859994862427493
1213,"[(0, 0, 1), (0, 0, 2, 24), 'c']",3.099840739823889
1214,"[(0, 0, 1), (1, 0, 0, 24), 'n']",3.117385091632517
1215,"[(0, 0, 1), (2, 0, 2, 24), 'ct']",3.1323735566549655
1216,"[(0, 0, 1), (1, 0, 2, 24), 'ct']",3.1328457875704543
1217,"[(0, 0, 1), (0, 0, 1, 24), 'ct']",3.13479907703158
1218,"[(0, 0, 0), (1, 1, 1, 24), 't']",3.147085535286238
1219,"[(0, 0, 0), (0, 1, 1, 24), 't']",3.1474639697368674
1220,"[(0, 0, 0), (0, 1, 2, 24), 'ct']",3.150339077755027
1221,"[(0, 0, 1), (2, 0, 1, 24), 'ct']",3.171620987902654
1222,"[(0, 0, 1), (0, 0, 2, 24), 'ct']",3.2086345704009354
1223,"[(0, 0, 1), (0, 1, 0, 24), 'n']",3.218713907255993
1224,"[(0, 0, 1), (0, 1, 0, 24), 'c']",3.2240111697964506
1225,"[(0, 0, 1), (0, 1, 0, 24), 't']",3.227692962808185
1226,"[(0, 0, 1), (0, 1, 0, 24), 'ct']",3.230275094196346
1227,"[(0, 0, 1), (2, 0, 0, 24), 'n']",3.2564114618121316
1228,"[(0, 0, 1), (1, 0, 0, 24), 'c']",3.2932247894349236
1229,"[(0, 0, 1), (2, 0, 0, 24), 'c']",3.2980598092018347
1230,"[(0, 0, 2), (0, 0, 2, 24), 't']",3.306572020751007
1231,"[(0, 0, 1), (1, 0, 0, 24), 'ct']",3.3556472982629915
1232,"[(0, 0, 1), (1, 1, 0, 24), 'c']",3.3704997354200428
1233,"[(0, 0, 1), (1, 1, 0, 24), 'n']",3.389096480789739
1234,"[(0, 0, 1), (2, 0, 1, 24), 't']",3.434708503438258
1235,"[(0, 0, 1), (1, 1, 0, 24), 't']",3.4410638763606785
1236,"[(0, 0, 1), (1, 0, 0, 24), 't']",3.504149931718242
1237,"[(0, 0, 1), (0, 0, 0, 24), 'c']",3.5049912433743136
1238,"[(0, 0, 0), (1, 1, 1, 24), 'ct']",3.5604830898784168
1239,"[(0, 0, 1), (1, 1, 0, 24), 'ct']",3.6130030451296546
1240,"[(0, 0, 1), (2, 0, 0, 24), 'ct']",3.6333173205970133
1241,"[(0, 0, 1), (0, 0, 0, 24), 'ct']",3.6523814458311485
1242,"[(0, 0, 0), (0, 1, 1, 24), 'ct']",3.6639091386746627
1243,"[(0, 0, 2), (0, 0, 1, 24), 't']",3.7763392894933343
1244,"[(0, 0, 0), (2, 0, 2, 24), 't']",3.7869800152726083
1245,"[(0, 0, 1), (2, 0, 0, 24), 't']",3.8394739835533698
1246,"[(0, 0, 1), (0, 0, 2, 24), 't']",3.900733725444541
1247,"[(2, 0, 1), (0, 0, 2, 24), 'ct']",3.901722130240028
1248,"[(0, 0, 0), (1, 0, 1, 24), 't']",4.07372136993616
1249,"[(0, 0, 0), (1, 0, 2, 24), 't']",4.146821726644984
1250,"[(0, 0, 2), (0, 0, 2, 24), 'n']",4.199815940551302
1251,"[(0, 0, 0), (1, 0, 1, 24), 'c']",4.203005279851794
1252,"[(0, 0, 0), (2, 0, 2, 24), 'c']",4.562417929822012
1253,"[(0, 0, 2), (0, 0, 0, 24), 't']",4.609453208778955
1254,"[(0, 0, 0), (0, 0, 2, 24), 'c']",4.628184083965488
1255,"[(0, 0, 0), (0, 0, 1, 24), 'c']",4.699029143947985
1256,"[(0, 0, 0), (2, 0, 1, 24), 'c']",4.700139521644046
1257,"[(0, 0, 0), (2, 0, 2, 24), 'ct']",4.714573314172893
1258,"[(0, 0, 0), (0, 0, 1, 24), 'ct']",4.744627652951739
1259,"[(0, 0, 0), (2, 0, 1, 24), 'ct']",4.819981693978827
1260,"[(0, 0, 0), (1, 0, 2, 24), 'c']",4.845126135434649
1261,"[(0, 0, 0), (1, 0, 2, 24), 'ct']",4.870155675101355
1262,"[(0, 0, 0), (0, 0, 2, 24), 'ct']",4.874427895316606
1263,"[(0, 0, 2), (0, 0, 1, 24), 'n']",4.91921452492716
1264,"[(0, 0, 0), (1, 0, 1, 24), 'ct']",4.960957658779749
1265,"[(0, 0, 1), (0, 0, 1, 24), 't']",4.987051293073496
1266,"[(0, 0, 0), (1, 0, 0, 24), 'n']",5.054276543019392
1267,"[(0, 0, 0), (0, 1, 0, 24), 'ct']",5.146108417132374
1268,"[(0, 0, 0), (0, 1, 0, 24), 'n']",5.174094123612365
1269,"[(0, 0, 0), (0, 1, 0, 24), 't']",5.187954776816614
1270,"[(0, 0, 0), (0, 1, 0, 24), 'c']",5.2019652549663675
1271,"[(0, 0, 0), (2, 0, 0, 24), 'n']",5.2938609669723435
1272,"[(0, 0, 0), (1, 0, 0, 24), 'c']",5.380448157781793
1273,"[(0, 0, 0), (2, 0, 0, 24), 'c']",5.396300056125784
1274,"[(0, 0, 0), (1, 1, 0, 24), 'c']",5.447676337652014
1275,"[(0, 0, 0), (1, 0, 0, 24), 'ct']",5.4536591347008
1276,"[(0, 0, 0), (1, 1, 0, 24), 'n']",5.4929098929770594
1277,"[(0, 0, 0), (1, 0, 0, 24), 't']",5.55142042954625
1278,"[(0, 0, 0), (1, 1, 0, 24), 't']",5.562252981654454
1279,"[(0, 0, 0), (2, 0, 1, 24), 't']",5.750213861330874
1280,"[(0, 0, 0), (2, 0, 0, 24), 'ct']",5.834677124089835
1281,"[(0, 0, 0), (1, 1, 0, 24), 'ct']",5.857356371179114
1282,"[(0, 0, 1), (0, 0, 1, 24), 'n']",5.995241829989689
1283,"[(0, 0, 0), (0, 0, 0, 24), 'c']",6.101172144091652
1284,"[(0, 0, 0), (2, 0, 0, 24), 't']",6.185960637269116
1285,"[(0, 0, 1), (0, 0, 2, 24), 'n']",6.327344501376533
1286,"[(0, 0, 2), (0, 0, 0, 24), 'n']",6.339700329530706
1287,"[(0, 0, 0), (0, 0, 0, 24), 'ct']",6.371057222026039
1288,"[(0, 0, 0), (0, 0, 2, 24), 't']",6.676275650286281
1289,"[(0, 0, 1), (0, 0, 0, 24), 't']",7.142656020734616
1290,"[(0, 0, 0), (0, 0, 1, 24), 't']",8.642531843826589
1291,"[(0, 0, 0), (0, 0, 1, 24), 'n']",10.236002533536478
1292,"[(0, 0, 1), (0, 0, 0, 24), 'n']",10.462484125766668
1293,"[(0, 0, 0), (0, 0, 2, 24), 'n']",11.461393893512959
1294,"[(0, 0, 0), (0, 0, 0, 24), 't']",13.464122581037744
1295,"[(0, 0, 0), (0, 0, 0, 24), 'n']",20.169541806066558
